misalignment_index,cam_roll_deg,cam_pitch_deg,cam_yaw_deg,yaw_index,car_roll_deg,car_pitch_deg,car_yaw_deg,weighted_rmse
0,-0.5,-0.4999999999999999,-3.8826608787250196e-19,0,0.0,-0.0,-180.0,0.0008679587693437359
0,-0.5,-0.4999999999999999,-3.8826608787250196e-19,1,0.0,-0.0,-175.0,0.0008727888262627658
0,-0.5,-0.4999999999999999,-3.8826608787250196e-19,2,0.0,-0.0,-170.0,0.0008777019457503129
0,-0.5,-0.4999999999999999,-3.8826608787250196e-19,3,0.0,-0.0,-165.0,0.0008824921934889076
0,-0.5,-0.4999999999999999,-3.8826608787250196e-19,4,0.0,-0.0,-160.0,0.0008869714865071592
0,-0.5,-0.4999999999999999,-3.8826608787250196e-19,5,0.0,-0.0,-155.0,0.000890979351919302
0,-0.5,-0.4999999999999999,-3.8826608787250196e-19,6,0.0,-0.0,-150.0,0.0008943904067751338
0,-0.5,-0.4999999999999999,-3.8826608787250196e-19,7,0.0,-0.0,-145.0,0.0008971183444627088
0,-0.5,-0.4999999999999999,-3.8826608787250196e-19,8,0.0,-0.0,-140.0,0.0008991172987602844
0,-0.5,-0.4999999999999999,-3.8826608787250196e-19,9,0.0,-0.0,-135.0,0.0009003790161334173
0,-0.5,-0.4999999999999999,-3.8826608787250196e-19,10,0.0,-0.0,-130.0,0.0009009278557558168
0,-0.5,-0.4999999999999999,-3.8826608787250196e-19,11,0.0,-0.0,-125.00000000000001,0.0009008129105460027
0,-0.5,-0.4999999999999999,-3.8826608787250196e-19,12,0.0,-0.0,-120.00000000000001,0.0009000996691532208
0,-0.5,-0.4999999999999999,-3.8826608787250196e-19,13,0.0,-0.0,-115.0,0.000898860743488077
0,-0.5,-0.4999999999999999,-3.8826608787250196e-19,14,0.0,-0.0,-109.99999999999999,0.0008971682441956121
0,-0.5,-0.4999999999999999,-3.8826608787250196e-19,15,0.0,-0.0,-105.00000000000001,0.0008950870940642102
0,-0.5,-0.4999999999999999,-3.8826608787250196e-19,16,0.0,-0.0,-100.0,0.0008926687992759577
0,-0.5,-0.4999999999999999,-3.8826608787250196e-19,17,0.0,-0.0,-95.0,0.0008899442950680373
0,-0.5,-0.4999999999999999,-3.8826608787250196e-19,18,0.0,-0.0,-89.99999999999999,0.0008869294844981017
0,-0.5,-0.4999999999999999,-3.8826608787250196e-19,19,0.0,-0.0,-85.0,0.0008836227857669207
0,-0.5,-0.4999999999999999,-3.8826608787250196e-19,20,0.0,-0.0,-80.0,0.0008800362311662158
0,-0.5,-0.4999999999999999,-3.8826608787250196e-19,21,0.0,-0.0,-75.0,0.0008762162014722785
0,-0.5,-0.4999999999999999,-3.8826608787250196e-19,22,0.0,-0.0,-70.0,0.0008722326624300502
0,-0.5,-0.4999999999999999,-3.8826608787250196e-19,23,0.0,-0.0,-65.0,0.0008681810455170728
0,-0.5,-0.4999999999999999,-3.8826608787250196e-19,24,0.0,-0.0,-60.00000000000001,0.000864181502754431
0,-0.5,-0.4999999999999999,-3.8826608787250196e-19,25,0.0,-0.0,-55.00000000000002,0.0008603758514869283
0,-0.5,-0.4999999999999999,-3.8826608787250196e-19,26,0.0,-0.0,-49.99999999999999,0.0008569225636719036
0,-0.5,-0.4999999999999999,-3.8826608787250196e-19,27,0.0,-0.0,-45.00000000000001,0.0008539891996272069
0,-0.5,-0.4999999999999999,-3.8826608787250196e-19,28,0.0,-0.0,-40.000000000000014,0.0008517429948664705
0,-0.5,-0.4999999999999999,-3.8826608787250196e-19,29,0.0,-0.0,-35.000000000000014,0.0008503373736654903
0,-0.5,-0.4999999999999999,-3.8826608787250196e-19,30,0.0,-0.0,-29.999999999999993,0.000849897722773265
0,-0.5,-0.4999999999999999,-3.8826608787250196e-19,31,0.0,-0.0,-24.999999999999996,0.0008505039461151566
0,-0.5,-0.4999999999999999,-3.8826608787250196e-19,32,0.0,-0.0,-20.0,0.0008521762893917645
0,-0.5,-0.4999999999999999,-3.8826608787250196e-19,33,0.0,-0.0,-15.000000000000009,0.0008548660587545787
0,-0.5,-0.4999999999999999,-3.8826608787250196e-19,34,0.0,-0.0,-10.000000000000014,0.000858455335491595
0,-0.5,-0.4999999999999999,-3.8826608787250196e-19,35,0.0,-0.0,-4.999999999999995,0.0008627658889092336
0,-0.5,-0.4999999999999999,-3.8826608787250196e-19,36,0.0,-0.0,0.0,0.000867576681671406
0,-0.5,-0.4999999999999999,-3.8826608787250196e-19,37,0.0,-0.0,4.999999999999995,0.0008726563940962082
0,-0.5,-0.4999999999999999,-3.8826608787250196e-19,38,0.0,-0.0,9.999999999999988,0.000877788160657599
0,-0.5,-0.4999999999999999,-3.8826608787250196e-19,39,0.0,-0.0,15.000000000000009,0.0008827561592129023
0,-0.5,-0.4999999999999999,-3.8826608787250196e-19,40,0.0,-0.0,20.0,0.0008873649614460297
0,-0.5,-0.4999999999999999,-3.8826608787250196e-19,41,0.0,-0.0,24.999999999999996,0.0008914514472611231
0,-0.5,-0.4999999999999999,-3.8826608787250196e-19,42,0.0,-0.0,29.999999999999993,0.0008948918076466378
0,-0.5,-0.4999999999999999,-3.8826608787250196e-19,43,0.0,-0.0,34.99999999999999,0.0008976051789830875
0,-0.5,-0.4999999999999999,-3.8826608787250196e-19,44,0.0,-0.0,40.000000000000014,0.0008995534707285388
0,-0.5,-0.4999999999999999,-3.8826608787250196e-19,45,0.0,-0.0,45.00000000000001,0.0009007376059610793
0,-0.5,-0.4999999999999999,-3.8826608787250196e-19,46,0.0,-0.0,49.99999999999999,0.0009011915457922096
0,-0.5,-0.4999999999999999,-3.8826608787250196e-19,47,0.0,-0.0,54.99999999999999,0.0009009735131108138
0,-0.5,-0.4999999999999999,-3.8826608787250196e-19,48,0.0,-0.0,59.999999999999986,0.0009001568359663655
0,-0.5,-0.4999999999999999,-3.8826608787250196e-19,49,0.0,-0.0,64.99999999999997,0.0008988214027791172
0,-0.5,-0.4999999999999999,-3.8826608787250196e-19,50,0.0,-0.0,69.99999999999997,0.0008970454582570179
0,-0.5,-0.4999999999999999,-3.8826608787250196e-19,51,0.0,-0.0,75.00000000000001,0.0008948996839056221
0,-0.5,-0.4999999999999999,-3.8826608787250196e-19,52,0.0,-0.0,80.00000000000001,0.0008924423008792521
0,-0.5,-0.4999999999999999,-3.8826608787250196e-19,53,0.0,-0.0,85.0,0.0008897146728063494
0,-0.5,-0.4999999999999999,-3.8826608787250196e-19,54,0.0,-0.0,89.99999999999999,0.0008867349931563874
0,-0.5,-0.4999999999999999,-3.8826608787250196e-19,55,0.0,-0.0,95.0,0.0008835071669096397
0,-0.5,-0.4999999999999999,-3.8826608787250196e-19,56,0.0,-0.0,99.99999999999997,0.0008800269149223377
0,-0.5,-0.4999999999999999,-3.8826608787250196e-19,57,0.0,-0.0,104.99999999999999,0.0008763292220970501
0,-0.5,-0.4999999999999999,-3.8826608787250196e-19,58,0.0,-0.0,109.99999999999997,0.0008724852183250937
0,-0.5,-0.4999999999999999,-3.8826608787250196e-19,59,0.0,-0.0,114.99999999999997,0.000868590255587211
0,-0.5,-0.4999999999999999,-3.8826608787250196e-19,60,0.0,-0.0,120.00000000000001,0.0008647617792504381
0,-0.5,-0.4999999999999999,-3.8826608787250196e-19,61,0.0,-0.0,125.00000000000001,0.0008611363404252479
0,-0.5,-0.4999999999999999,-3.8826608787250196e-19,62,0.0,-0.0,130.0,0.00085786360634428
0,-0.5,-0.4999999999999999,-3.8826608787250196e-19,63,0.0,-0.0,135.0,0.0008550997223281754
0,-0.5,-0.4999999999999999,-3.8826608787250196e-19,64,0.0,-0.0,140.0,0.0008529976871163264
0,-0.5,-0.4999999999999999,-3.8826608787250196e-19,65,0.0,-0.0,145.0,0.0008516958848868444
0,-0.5,-0.4999999999999999,-3.8826608787250196e-19,66,0.0,-0.0,149.99999999999997,0.0008513048562814624
0,-0.5,-0.4999999999999999,-3.8826608787250196e-19,67,0.0,-0.0,154.99999999999997,0.0008518932094965184
0,-0.5,-0.4999999999999999,-3.8826608787250196e-19,68,0.0,-0.0,159.99999999999997,0.0008534756110680951
0,-0.5,-0.4999999999999999,-3.8826608787250196e-19,69,0.0,-0.0,165.00000000000003,0.0008560058355762599
0,-0.5,-0.4999999999999999,-3.8826608787250196e-19,70,0.0,-0.0,170.0,0.0008593756981542534
0,-0.5,-0.4999999999999999,-3.8826608787250196e-19,71,0.0,-0.0,175.0,0.0008634230731118831
1,-0.24999999999999994,-0.5,-1.9413304393625098e-19,0,0.0,-0.0,-180.0,0.0007756356074287095
1,-0.24999999999999994,-0.5,-1.9413304393625098e-19,1,0.0,-0.0,-175.0,0.0007777520251149952
1,-0.24999999999999994,-0.5,-1.9413304393625098e-19,2,0.0,-0.0,-170.0,0.0007805648906449655
1,-0.24999999999999994,-0.5,-1.9413304393625098e-19,3,0.0,-0.0,-165.0,0.000783954772573534
1,-0.24999999999999994,-0.5,-1.9413304393625098e-19,4,0.0,-0.0,-160.0,0.0007877854298625107
1,-0.24999999999999994,-0.5,-1.9413304393625098e-19,5,0.0,-0.0,-155.0,0.0007919108221827046
1,-0.24999999999999994,-0.5,-1.9413304393625098e-19,6,0.0,-0.0,-150.0,0.0007961826697858611
1,-0.24999999999999994,-0.5,-1.9413304393625098e-19,7,0.0,-0.0,-145.0,0.0008004582832417646
1,-0.24999999999999994,-0.5,-1.9413304393625098e-19,8,0.0,-0.0,-140.0,0.0008046076997368326
1,-0.24999999999999994,-0.5,-1.9413304393625098e-19,9,0.0,-0.0,-135.0,0.0008085059576125761
1,-0.24999999999999994,-0.5,-1.9413304393625098e-19,10,0.0,-0.0,-130.0,0.0008120388146420141
1,-0.24999999999999994,-0.5,-1.9413304393625098e-19,11,0.0,-0.0,-125.00000000000001,0.0008151083133309571
1,-0.24999999999999994,-0.5,-1.9413304393625098e-19,12,0.0,-0.0,-120.00000000000001,0.0008176376240365113
1,-0.24999999999999994,-0.5,-1.9413304393625098e-19,13,0.0,-0.0,-115.0,0.0008195730378333222
1,-0.24999999999999994,-0.5,-1.9413304393625098e-19,14,0.0,-0.0,-109.99999999999999,0.0008208861459771974
1,-0.24999999999999994,-0.5,-1.9413304393625098e-19,15,0.0,-0.0,-105.00000000000001,0.0008215713521050276
1,-0.24999999999999994,-0.5,-1.9413304393625098e-19,16,0.0,-0.0,-100.0,0.0008216408536721183
1,-0.24999999999999994,-0.5,-1.9413304393625098e-19,17,0.0,-0.0,-95.0,0.0008211192539446111
1,-0.24999999999999994,-0.5,-1.9413304393625098e-19,18,0.0,-0.0,-89.99999999999999,0.0008200373934719037
1,-0.24999999999999994,-0.5,-1.9413304393625098e-19,19,0.0,-0.0,-85.0,0.0008184281373503946
1,-0.24999999999999994,-0.5,-1.9413304393625098e-19,20,0.0,-0.0,-80.0,0.0008163244582493995
1,-0.24999999999999994,-0.5,-1.9413304393625098e-19,21,0.0,-0.0,-75.0,0.0008137606556520243
1,-0.24999999999999994,-0.5,-1.9413304393625098e-19,22,0.0,-0.0,-70.0,0.0008107750741487108
1,-0.24999999999999994,-0.5,-1.9413304393625098e-19,23,0.0,-0.0,-65.0,0.0008074144559756234
1,-0.24999999999999994,-0.5,-1.9413304393625098e-19,24,0.0,-0.0,-60.00000000000001,0.0008037377854063068
1,-0.24999999999999994,-0.5,-1.9413304393625098e-19,25,0.0,-0.0,-55.00000000000002,0.0007998199447558328
1,-0.24999999999999994,-0.5,-1.9413304393625098e-19,26,0.0,-0.0,-49.99999999999999,0.0007957553614635685
1,-0.24999999999999994,-0.5,-1.9413304393625098e-19,27,0.0,-0.0,-45.00000000000001,0.0007916582632011473
1,-0.24999999999999994,-0.5,-1.9413304393625098e-19,28,0.0,-0.0,-40.000000000000014,0.0007876621541851665
1,-0.24999999999999994,-0.5,-1.9413304393625098e-19,29,0.0,-0.0,-35.000000000000014,0.0007839156512931822
1,-0.24999999999999994,-0.5,-1.9413304393625098e-19,30,0.0,-0.0,-29.999999999999993,0.0007805758923581036
1,-0.24999999999999994,-0.5,-1.9413304393625098e-19,31,0.0,-0.0,-24.999999999999996,0.000777797946615349
1,-0.24999999999999994,-0.5,-1.9413304393625098e-19,32,0.0,-0.0,-20.0,0.0007757216875272006
1,-0.24999999999999994,-0.5,-1.9413304393625098e-19,33,0.0,-0.0,-15.000000000000009,0.0007744580296679171
1,-0.24999999999999994,-0.5,-1.9413304393625098e-19,34,0.0,-0.0,-10.000000000000014,0.0007740777124444336
1,-0.24999999999999994,-0.5,-1.9413304393625098e-19,35,0.0,-0.0,-4.999999999999995,0.0007746054758477442
1,-0.24999999999999994,-0.5,-1.9413304393625098e-19,36,0.0,-0.0,0.0,0.0007760177575824756
1,-0.24999999999999994,-0.5,-1.9413304393625098e-19,37,0.0,-0.0,4.999999999999995,0.0007782481469435998
1,-0.24999999999999994,-0.5,-1.9413304393625098e-19,38,0.0,-0.0,9.999999999999988,0.0007811950912463917
1,-0.24999999999999994,-0.5,-1.9413304393625098e-19,39,0.0,-0.0,15.000000000000009,0.0007847292329614224
1,-0.24999999999999994,-0.5,-1.9413304393625098e-19,40,0.0,-0.0,20.0,0.0007887051838616688
1,-0.24999999999999994,-0.5,-1.9413304393625098e-19,41,0.0,-0.0,24.999999999999996,0.0007929681471255828
1,-0.24999999999999994,-0.5,-1.9413304393625098e-19,42,0.0,-0.0,29.999999999999993,0.0007973607842352858
1,-0.24999999999999994,-0.5,-1.9413304393625098e-19,43,0.0,-0.0,34.99999999999999,0.0008017294773691409
1,-0.24999999999999994,-0.5,-1.9413304393625098e-19,44,0.0,-0.0,40.000000000000014,0.0008059334696987065
1,-0.24999999999999994,-0.5,-1.9413304393625098e-19,45,0.0,-0.0,45.00000000000001,0.0008098467262792939
1,-0.24999999999999994,-0.5,-1.9413304393625098e-19,46,0.0,-0.0,49.99999999999999,0.0008133547105232929
1,-0.24999999999999994,-0.5,-1.9413304393625098e-19,47,0.0,-0.0,54.99999999999999,0.0008163610680759475
1,-0.24999999999999994,-0.5,-1.9413304393625098e-19,48,0.0,-0.0,59.999999999999986,0.0008187937626924329
1,-0.24999999999999994,-0.5,-1.9413304393625098e-19,49,0.0,-0.0,64.99999999999997,0.0008206062721094537
1,-0.24999999999999994,-0.5,-1.9413304393625098e-19,50,0.0,-0.0,69.99999999999997,0.0008217784443664466
1,-0.24999999999999994,-0.5,-1.9413304393625098e-19,51,0.0,-0.0,75.00000000000001,0.0008223131852052886
1,-0.24999999999999994,-0.5,-1.9413304393625098e-19,52,0.0,-0.0,80.00000000000001,0.0008222302348632718
1,-0.24999999999999994,-0.5,-1.9413304393625098e-19,53,0.0,-0.0,85.0,0.0008215595120907957
1,-0.24999999999999994,-0.5,-1.9413304393625098e-19,54,0.0,-0.0,89.99999999999999,0.000820335464118308
1,-0.24999999999999994,-0.5,-1.9413304393625098e-19,55,0.0,-0.0,95.0,0.0008185929941571465
1,-0.24999999999999994,-0.5,-1.9413304393625098e-19,56,0.0,-0.0,99.99999999999997,0.0008163665164830296
1,-0.24999999999999994,-0.5,-1.9413304393625098e-19,57,0.0,-0.0,104.99999999999999,0.000813691444653218
1,-0.24999999999999994,-0.5,-1.9413304393625098e-19,58,0.0,-0.0,109.99999999999997,0.000810607872423184
1,-0.24999999999999994,-0.5,-1.9413304393625098e-19,59,0.0,-0.0,114.99999999999997,0.0008071646484544776
1,-0.24999999999999994,-0.5,-1.9413304393625098e-19,60,0.0,-0.0,120.00000000000001,0.0008034231850271829
1,-0.24999999999999994,-0.5,-1.9413304393625098e-19,61,0.0,-0.0,125.00000000000001,0.0007994608097759381
1,-0.24999999999999994,-0.5,-1.9413304393625098e-19,62,0.0,-0.0,130.0,0.0007953734281723562
1,-0.24999999999999994,-0.5,-1.9413304393625098e-19,63,0.0,-0.0,135.0,0.0007912751806671715
1,-0.24999999999999994,-0.5,-1.9413304393625098e-19,64,0.0,-0.0,140.0,0.0007872975465452501
1,-0.24999999999999994,-0.5,-1.9413304393625098e-19,65,0.0,-0.0,145.0,0.0007835847323630925
1,-0.24999999999999994,-0.5,-1.9413304393625098e-19,66,0.0,-0.0,149.99999999999997,0.0007802861059516279
1,-0.24999999999999994,-0.5,-1.9413304393625098e-19,67,0.0,-0.0,154.99999999999997,0.0007775472842401092
1,-0.24999999999999994,-0.5,-1.9413304393625098e-19,68,0.0,-0.0,159.99999999999997,0.0007754981472733764
1,-0.24999999999999994,-0.5,-1.9413304393625098e-19,69,0.0,-0.0,165.00000000000003,0.0007742399955482954
1,-0.24999999999999994,-0.5,-1.9413304393625098e-19,70,0.0,-0.0,170.0,0.0007738367436136672
1,-0.24999999999999994,-0.5,-1.9413304393625098e-19,71,0.0,-0.0,175.0,0.0007743097820331914
2,0.0,-0.5,0.0,0,0.0,-0.0,-180.0,0.0007358474640470872
2,0.0,-0.5,0.0,1,0.0,-0.0,-175.0,0.0007334477706030938
2,0.0,-0.5,0.0,2,0.0,-0.0,-170.0,0.0007317163657865356
2,0.0,-0.5,0.0,3,0.0,-0.0,-165.0,0.000730712802303693
2,0.0,-0.5,0.0,4,0.0,-0.0,-160.0,0.000730471115716153
2,0.0,-0.5,0.0,5,0.0,-0.0,-155.0,0.0007309994500457909
2,0.0,-0.5,0.0,6,0.0,-0.0,-150.0,0.0007322800492178189
2,0.0,-0.5,0.0,7,0.0,-0.0,-145.0,0.0007342690609171383
2,0.0,-0.5,0.0,8,0.0,-0.0,-140.0,0.0007368978690655538
2,0.0,-0.5,0.0,9,0.0,-0.0,-135.0,0.0007400734847493211
2,0.0,-0.5,0.0,10,0.0,-0.0,-130.0,0.0007436820056965145
2,0.0,-0.5,0.0,11,0.0,-0.0,-125.00000000000001,0.0007475925817788032
2,0.0,-0.5,0.0,12,0.0,-0.0,-120.00000000000001,0.0007516639550619215
2,0.0,-0.5,0.0,13,0.0,-0.0,-115.0,0.000755752700855858
2,0.0,-0.5,0.0,14,0.0,-0.0,-109.99999999999999,0.0007597232666809077
2,0.0,-0.5,0.0,15,0.0,-0.0,-105.00000000000001,0.0007634551884029731
2,0.0,-0.5,0.0,16,0.0,-0.0,-100.0,0.0007668459905122882
2,0.0,-0.5,0.0,17,0.0,-0.0,-95.0,0.0007698144808738969
2,0.0,-0.5,0.0,18,0.0,-0.0,-89.99999999999999,0.0007723009204727412
2,0.0,-0.5,0.0,19,0.0,-0.0,-85.0,0.0007742640056667554
2,0.0,-0.5,0.0,20,0.0,-0.0,-80.0,0.0007756773878242713
2,0.0,-0.5,0.0,21,0.0,-0.0,-75.0,0.0007765256433314596
2,0.0,-0.5,0.0,22,0.0,-0.0,-70.0,0.0007768008973290327
2,0.0,-0.5,0.0,23,0.0,-0.0,-65.0,0.0007765005245021369
2,0.0,-0.5,0.0,24,0.0,-0.0,-60.00000000000001,0.0007756262658689563
2,0.0,-0.5,0.0,25,0.0,-0.0,-55.00000000000002,0.0007741853652657902
2,0.0,-0.5,0.0,26,0.0,-0.0,-49.99999999999999,0.0007721928882786688
2,0.0,-0.5,0.0,27,0.0,-0.0,-45.00000000000001,0.0007696754979225495
2,0.0,-0.5,0.0,28,0.0,-0.0,-40.000000000000014,0.0007666756954519248
2,0.0,-0.5,0.0,29,0.0,-0.0,-35.000000000000014,0.0007632561360667842
2,0.0,-0.5,0.0,30,0.0,-0.0,-29.999999999999993,0.0007595021403859791
2,0.0,-0.5,0.0,31,0.0,-0.0,-24.999999999999996,0.0007555219477017521
2,0.0,-0.5,0.0,32,0.0,-0.0,-20.0,0.0007514427576790955
2,0.0,-0.5,0.0,33,0.0,-0.0,-15.000000000000009,0.0007474082480893527
2,0.0,-0.5,0.0,34,0.0,-0.0,-10.000000000000014,0.0007435679836687065
2,0.0,-0.5,0.0,35,0.0,-0.0,-4.999999999999995,0.0007400677935941658
2,0.0,-0.5,0.0,36,0.0,-0.0,0.0,0.0007370406274160243
2,0.0,-0.5,0.0,37,0.0,-0.0,4.999999999999995,0.0007346001426443535
2,0.0,-0.5,0.0,38,0.0,-0.0,9.999999999999988,0.0007328362069534016
2,0.0,-0.5,0.0,39,0.0,-0.0,15.000000000000009,0.0007318126965689469
2,0.0,-0.5,0.0,40,0.0,-0.0,20.0,0.0007315660845503833
2,0.0,-0.5,0.0,41,0.0,-0.0,24.999999999999996,0.0007321051490195273
2,0.0,-0.5,0.0,42,0.0,-0.0,29.999999999999993,0.0007334106930351209
2,0.0,-0.5,0.0,43,0.0,-0.0,34.99999999999999,0.0007354359969690661
2,0.0,-0.5,0.0,44,0.0,-0.0,40.000000000000014,0.0007381072908305177
2,0.0,-0.5,0.0,45,0.0,-0.0,45.00000000000001,0.0007413253852800674
2,0.0,-0.5,0.0,46,0.0,-0.0,49.99999999999999,0.0007449689108106995
2,0.0,-0.5,0.0,47,0.0,-0.0,54.99999999999999,0.0007488991558676523
2,0.0,-0.5,0.0,48,0.0,-0.0,59.999999999999986,0.0007529677411433733
2,0.0,-0.5,0.0,49,0.0,-0.0,64.99999999999997,0.0007570260192725023
2,0.0,-0.5,0.0,50,0.0,-0.0,69.99999999999997,0.0007609357669826159
2,0.0,-0.5,0.0,51,0.0,-0.0,75.00000000000001,0.0007645764568159509
2,0.0,-0.5,0.0,52,0.0,-0.0,80.00000000000001,0.0007678480749328113
2,0.0,-0.5,0.0,53,0.0,-0.0,85.0,0.0007706740067635832
2,0.0,-0.5,0.0,54,0.0,-0.0,89.99999999999999,0.0007729995778195717
2,0.0,-0.5,0.0,55,0.0,-0.0,95.0,0.0007747886016099987
2,0.0,-0.5,0.0,56,0.0,-0.0,99.99999999999997,0.0007760193285589048
2,0.0,-0.5,0.0,57,0.0,-0.0,104.99999999999999,0.0007766799511999465
2,0.0,-0.5,0.0,58,0.0,-0.0,109.99999999999997,0.0007767654891870357
2,0.0,-0.5,0.0,59,0.0,-0.0,114.99999999999997,0.000776275804828806
2,0.0,-0.5,0.0,60,0.0,-0.0,120.00000000000001,0.0007752153892556541
2,0.0,-0.5,0.0,61,0.0,-0.0,125.00000000000001,0.0007735945848020954
2,0.0,-0.5,0.0,62,0.0,-0.0,130.0,0.0007714324231552057
2,0.0,-0.5,0.0,63,0.0,-0.0,135.0,0.0007687603402846419
2,0.0,-0.5,0.0,64,0.0,-0.0,140.0,0.0007656261289764022
2,0.0,-0.5,0.0,65,0.0,-0.0,145.0,0.0007620973796752822
2,0.0,-0.5,0.0,66,0.0,-0.0,149.99999999999997,0.0007582633367070361
2,0.0,-0.5,0.0,67,0.0,-0.0,154.99999999999997,0.0007542337559507445
2,0.0,-0.5,0.0,68,0.0,-0.0,159.99999999999997,0.0007501349704460805
2,0.0,-0.5,0.0,69,0.0,-0.0,165.00000000000003,0.0007461067349391221
2,0.0,-0.5,0.0,70,0.0,-0.0,170.0,0.0007422927406829721
2,0.0,-0.5,0.0,71,0.0,-0.0,175.0,0.0007388312413605221
3,0.25,-0.5,1.9413304393625098e-19,0,0.0,-0.0,-180.0,0.0008030820745247382
3,0.25,-0.5,1.9413304393625098e-19,1,0.0,-0.0,-175.0,0.0007988705931306808
3,0.25,-0.5,1.9413304393625098e-19,2,0.0,-0.0,-170.0,0.0007945807560850916
3,0.25,-0.5,1.9413304393625098e-19,3,0.0,-0.0,-165.0,0.0007903462806533873
3,0.25,-0.5,1.9413304393625098e-19,4,0.0,-0.0,-160.0,0.0007863134848152415
3,0.25,-0.5,1.9413304393625098e-19,5,0.0,-0.0,-155.0,0.0007826306307015176
3,0.25,-0.5,1.9413304393625098e-19,6,0.0,-0.0,-150.0,0.0007794408088865788
3,0.25,-0.5,1.9413304393625098e-19,7,0.0,-0.0,-145.0,0.0007768751210775165
3,0.25,-0.5,1.9413304393625098e-19,8,0.0,-0.0,-140.0,0.0007750442961699013
3,0.25,-0.5,1.9413304393625098e-19,9,0.0,-0.0,-135.0,0.0007740313498169316
3,0.25,-0.5,1.9413304393625098e-19,10,0.0,-0.0,-130.0,0.0007738848899743659
3,0.25,-0.5,1.9413304393625098e-19,11,0.0,-0.0,-125.00000000000001,0.000774612101012016
3,0.25,-0.5,1.9413304393625098e-19,12,0.0,-0.0,-120.00000000000001,0.000776174983211911
3,0.25,-0.5,1.9413304393625098e-19,13,0.0,-0.0,-115.0,0.000778495151157348
3,0.25,-0.5,1.9413304393625098e-19,14,0.0,-0.0,-109.99999999999999,0.0007814591882795116
3,0.25,-0.5,1.9413304393625098e-19,15,0.0,-0.0,-105.00000000000001,0.0007849298575260991
3,0.25,-0.5,1.9413304393625098e-19,16,0.0,-0.0,-100.0,0.0007887588430527462
3,0.25,-0.5,1.9413304393625098e-19,17,0.0,-0.0,-95.0,0.0007927978367476858
3,0.25,-0.5,1.9413304393625098e-19,18,0.0,-0.0,-89.99999999999999,0.000796906528671059
3,0.25,-0.5,1.9413304393625098e-19,19,0.0,-0.0,-85.0,0.0008009596201971445
3,0.25,-0.5,1.9413304393625098e-19,20,0.0,-0.0,-80.0,0.0008048497698549608
3,0.25,-0.5,1.9413304393625098e-19,21,0.0,-0.0,-75.0,0.0008084880732875051
3,0.25,-0.5,1.9413304393625098e-19,22,0.0,-0.0,-70.0,0.0008118035293132016
3,0.25,-0.5,1.9413304393625098e-19,23,0.0,-0.0,-65.0,0.0008147397892219288
3,0.25,-0.5,1.9413304393625098e-19,24,0.0,-0.0,-60.00000000000001,0.0008172517851570009
3,0.25,-0.5,1.9413304393625098e-19,25,0.0,-0.0,-55.00000000000002,0.0008193016910974836
3,0.25,-0.5,1.9413304393625098e-19,26,0.0,-0.0,-49.99999999999999,0.0008208547348814552
3,0.25,-0.5,1.9413304393625098e-19,27,0.0,-0.0,-45.00000000000001,0.0008218764223601084
3,0.25,-0.5,1.9413304393625098e-19,28,0.0,-0.0,-40.000000000000014,0.0008223316855936073
3,0.25,-0.5,1.9413304393625098e-19,29,0.0,-0.0,-35.000000000000014,0.0008221872249381642
3,0.25,-0.5,1.9413304393625098e-19,30,0.0,-0.0,-29.999999999999993,0.0008214161524361161
3,0.25,-0.5,1.9413304393625098e-19,31,0.0,-0.0,-24.999999999999996,0.0008200042600210222
3,0.25,-0.5,1.9413304393625098e-19,32,0.0,-0.0,-20.0,0.0008179565884671108
3,0.25,-0.5,1.9413304393625098e-19,33,0.0,-0.0,-15.000000000000009,0.0008153029352956181
3,0.25,-0.5,1.9413304393625098e-19,34,0.0,-0.0,-10.000000000000014,0.000812099628445493
3,0.25,-0.5,1.9413304393625098e-19,35,0.0,-0.0,-4.999999999999995,0.0008084280037700487
3,0.25,-0.5,1.9413304393625098e-19,36,0.0,-0.0,0.0,0.0008043920686709176
3,0.25,-0.5,1.9413304393625098e-19,37,0.0,-0.0,4.999999999999995,0.00080011148578311
3,0.25,-0.5,1.9413304393625098e-19,38,0.0,-0.0,9.999999999999988,0.0007957162330500255
3,0.25,-0.5,1.9413304393625098e-19,39,0.0,-0.0,15.000000000000009,0.000791353695271683
3,0.25,-0.5,1.9413304393625098e-19,40,0.0,-0.0,20.0,0.0007871795058569217
3,0.25,-0.5,1.9413304393625098e-19,41,0.0,-0.0,24.999999999999996,0.0007833506630378873
3,0.25,-0.5,1.9413304393625098e-19,42,0.0,-0.0,29.999999999999993,0.0007800192446326664
3,0.25,-0.5,1.9413304393625098e-19,43,0.0,-0.0,34.99999999999999,0.0007773259452065002
3,0.25,-0.5,1.9413304393625098e-19,44,0.0,-0.0,40.000000000000014,0.0007753905945177722
3,0.25,-0.5,1.9413304393625098e-19,45,0.0,-0.0,45.00000000000001,0.0007743028404398344
3,0.25,-0.5,1.9413304393625098e-19,46,0.0,-0.0,49.99999999999999,0.000774113682303634
3,0.25,-0.5,1.9413304393625098e-19,47,0.0,-0.0,54.99999999999999,0.0007748291073173502
3,0.25,-0.5,1.9413304393625098e-19,48,0.0,-0.0,59.999999999999986,0.0007764065875690627
3,0.25,-0.5,1.9413304393625098e-19,49,0.0,-0.0,64.99999999999997,0.0007787595369979374
3,0.25,-0.5,1.9413304393625098e-19,50,0.0,-0.0,69.99999999999997,0.0007817646234723093
3,0.25,-0.5,1.9413304393625098e-19,51,0.0,-0.0,75.00000000000001,0.0007852747093217027
3,0.25,-0.5,1.9413304393625098e-19,52,0.0,-0.0,80.00000000000001,0.000789132449128541
3,0.25,-0.5,1.9413304393625098e-19,53,0.0,-0.0,85.0,0.0007931829329840458
3,0.25,-0.5,1.9413304393625098e-19,54,0.0,-0.0,89.99999999999999,0.0007972825205568802
3,0.25,-0.5,1.9413304393625098e-19,55,0.0,-0.0,95.0,0.0008013046747975373
3,0.25,-0.5,1.9413304393625098e-19,56,0.0,-0.0,99.99999999999997,0.0008051424132736842
3,0.25,-0.5,1.9413304393625098e-19,57,0.0,-0.0,104.99999999999999,0.0008087090038316093
3,0.25,-0.5,1.9413304393625098e-19,58,0.0,-0.0,109.99999999999997,0.000811935813125925
3,0.25,-0.5,1.9413304393625098e-19,59,0.0,-0.0,114.99999999999997,0.0008147689223370352
3,0.25,-0.5,1.9413304393625098e-19,60,0.0,-0.0,120.00000000000001,0.0008171652054358214
3,0.25,-0.5,1.9413304393625098e-19,61,0.0,-0.0,125.00000000000001,0.0008190882655621319
3,0.25,-0.5,1.9413304393625098e-19,62,0.0,-0.0,130.0,0.0008205045568932692
3,0.25,-0.5,1.9413304393625098e-19,63,0.0,-0.0,135.0,0.0008213811734442596
3,0.25,-0.5,1.9413304393625098e-19,64,0.0,-0.0,140.0,0.000821685550385599
3,0.25,-0.5,1.9413304393625098e-19,65,0.0,-0.0,145.0,0.0008213886510474886
3,0.25,-0.5,1.9413304393625098e-19,66,0.0,-0.0,149.99999999999997,0.0008204697001356171
3,0.25,-0.5,1.9413304393625098e-19,67,0.0,-0.0,154.99999999999997,0.0008189225909302933
3,0.25,-0.5,1.9413304393625098e-19,68,0.0,-0.0,159.99999999999997,0.0008167608758155122
3,0.25,-0.5,1.9413304393625098e-19,69,0.0,-0.0,165.00000000000003,0.0008140223733353532
3,0.25,-0.5,1.9413304393625098e-19,70,0.0,-0.0,170.0,0.0008107697935146755
3,0.25,-0.5,1.9413304393625098e-19,71,0.0,-0.0,175.0,0.0008070881510772402
4,0.5,-0.4999999999999999,3.8826608787250196e-19,0,0.0,-0.0,-180.0,0.0008984579129446385
4,0.5,-0.4999999999999999,3.8826608787250196e-19,1,0.0,-0.0,-175.0,0.0008961839824949974
4,0.5,-0.4999999999999999,3.8826608787250196e-19,2,0.0,-0.0,-170.0,0.0008931936369461431
4,0.5,-0.4999999999999999,3.8826608787250196e-19,3,0.0,-0.0,-165.0,0.0008895476343366761
4,0.5,-0.4999999999999999,3.8826608787250196e-19,4,0.0,-0.0,-160.0,0.0008853471862799112
4,0.5,-0.4999999999999999,3.8826608787250196e-19,5,0.0,-0.0,-155.0,0.000880731358878731
4,0.5,-0.4999999999999999,3.8826608787250196e-19,6,0.0,-0.0,-150.0,0.0008758721448660773
4,0.5,-0.4999999999999999,3.8826608787250196e-19,7,0.0,-0.0,-145.0,0.0008709652512264981
4,0.5,-0.4999999999999999,3.8826608787250196e-19,8,0.0,-0.0,-140.0,0.0008662207294809755
4,0.5,-0.4999999999999999,3.8826608787250196e-19,9,0.0,-0.0,-135.0,0.0008618455850830522
4,0.5,-0.4999999999999999,3.8826608787250196e-19,10,0.0,-0.0,-130.0,0.0008580292077135072
4,0.5,-0.4999999999999999,3.8826608787250196e-19,11,0.0,-0.0,-125.00000000000001,0.0008549563390174669
4,0.5,-0.4999999999999999,3.8826608787250196e-19,12,0.0,-0.0,-120.00000000000001,0.0008527703458741212
4,0.5,-0.4999999999999999,3.8826608787250196e-19,13,0.0,-0.0,-115.0,0.0008515568808508629
4,0.5,-0.4999999999999999,3.8826608787250196e-19,14,0.0,-0.0,-109.99999999999999,0.0008513388523493931
4,0.5,-0.4999999999999999,3.8826608787250196e-19,15,0.0,-0.0,-105.00000000000001,0.0008520804096982323
4,0.5,-0.4999999999999999,3.8826608787250196e-19,16,0.0,-0.0,-100.0,0.0008536954630074696
4,0.5,-0.4999999999999999,3.8826608787250196e-19,17,0.0,-0.0,-95.0,0.0008560617136382702
4,0.5,-0.4999999999999999,3.8826608787250196e-19,18,0.0,-0.0,-89.99999999999999,0.0008590337484940455
4,0.5,-0.4999999999999999,3.8826608787250196e-19,19,0.0,-0.0,-85.0,0.0008624562515196882
4,0.5,-0.4999999999999999,3.8826608787250196e-19,20,0.0,-0.0,-80.0,0.0008661744039720752
4,0.5,-0.4999999999999999,3.8826608787250196e-19,21,0.0,-0.0,-75.0,0.0008700427060112179
4,0.5,-0.4999999999999999,3.8826608787250196e-19,22,0.0,-0.0,-70.0,0.0008739312875352122
4,0.5,-0.4999999999999999,3.8826608787250196e-19,23,0.0,-0.0,-65.0,0.0008777305522132288
4,0.5,-0.4999999999999999,3.8826608787250196e-19,24,0.0,-0.0,-60.00000000000001,0.0008813541598403053
4,0.5,-0.4999999999999999,3.8826608787250196e-19,25,0.0,-0.0,-55.00000000000002,0.0008847407401226912
4,0.5,-0.4999999999999999,3.8826608787250196e-19,26,0.0,-0.0,-49.99999999999999,0.0008878761692466265
4,0.5,-0.4999999999999999,3.8826608787250196e-19,27,0.0,-0.0,-45.00000000000001,0.000890762383241188
4,0.5,-0.4999999999999999,3.8826608787250196e-19,28,0.0,-0.0,-40.000000000000014,0.0008933927900171495
4,0.5,-0.4999999999999999,3.8826608787250196e-19,29,0.0,-0.0,-35.000000000000014,0.0008957396983542672
4,0.5,-0.4999999999999999,3.8826608787250196e-19,30,0.0,-0.0,-29.999999999999993,0.0008977549915062755
4,0.5,-0.4999999999999999,3.8826608787250196e-19,31,0.0,-0.0,-24.999999999999996,0.0008993753317234379
4,0.5,-0.4999999999999999,3.8826608787250196e-19,32,0.0,-0.0,-20.0,0.0009005266136533274
4,0.5,-0.4999999999999999,3.8826608787250196e-19,33,0.0,-0.0,-15.000000000000009,0.0009011290372261442
4,0.5,-0.4999999999999999,3.8826608787250196e-19,34,0.0,-0.0,-10.000000000000014,0.0009011043304908167
4,0.5,-0.4999999999999999,3.8826608787250196e-19,35,0.0,-0.0,-4.999999999999995,0.0009003835958844021
4,0.5,-0.4999999999999999,3.8826608787250196e-19,36,0.0,-0.0,0.0,0.0008989166283950522
4,0.5,-0.4999999999999999,3.8826608787250196e-19,37,0.0,-0.0,4.999999999999995,0.0008966809757477059
4,0.5,-0.4999999999999999,3.8826608787250196e-19,38,0.0,-0.0,9.999999999999988,0.0008936895917750469
4,0.5,-0.4999999999999999,3.8826608787250196e-19,39,0.0,-0.0,15.000000000000009,0.0008899963217088943
4,0.5,-0.4999999999999999,3.8826608787250196e-19,40,0.0,-0.0,20.0,0.0008856982216213894
4,0.5,-0.4999999999999999,3.8826608787250196e-19,41,0.0,-0.0,24.999999999999996,0.0008809343568914532
4,0.5,-0.4999999999999999,3.8826608787250196e-19,42,0.0,-0.0,29.999999999999993,0.0008758810052526607
4,0.5,-0.4999999999999999,3.8826608787250196e-19,43,0.0,-0.0,34.99999999999999,0.0008707428280795501
4,0.5,-0.4999999999999999,3.8826608787250196e-19,44,0.0,-0.0,40.000000000000014,0.000865738086078855
4,0.5,-0.4999999999999999,3.8826608787250196e-19,45,0.0,-0.0,45.00000000000001,0.0008610862196713114
4,0.5,-0.4999999999999999,3.8826608787250196e-19,46,0.0,-0.0,49.99999999999999,0.000857020858053078
4,0.5,-0.4999999999999999,3.8826608787250196e-19,47,0.0,-0.0,54.99999999999999,0.0008537493311823127
4,0.5,-0.4999999999999999,3.8826608787250196e-19,48,0.0,-0.0,59.999999999999986,0.0008514290597037144
4,0.5,-0.4999999999999999,3.8826608787250196e-19,49,0.0,-0.0,64.99999999999997,0.0008501527120708863
4,0.5,-0.4999999999999999,3.8826608787250196e-19,50,0.0,-0.0,69.99999999999997,0.000849942629060338
4,0.5,-0.4999999999999999,3.8826608787250196e-19,51,0.0,-0.0,75.00000000000001,0.0008507547733935399
4,0.5,-0.4999999999999999,3.8826608787250196e-19,52,0.0,-0.0,80.00000000000001,0.0008524906086133357
4,0.5,-0.4999999999999999,3.8826608787250196e-19,53,0.0,-0.0,85.0,0.0008550122461517707
4,0.5,-0.4999999999999999,3.8826608787250196e-19,54,0.0,-0.0,89.99999999999999,0.0008581595266434003
4,0.5,-0.4999999999999999,3.8826608787250196e-19,55,0.0,-0.0,95.0,0.0008617636101962058
4,0.5,-0.4999999999999999,3.8826608787250196e-19,56,0.0,-0.0,99.99999999999997,0.0008656593817730094
4,0.5,-0.4999999999999999,3.8826608787250196e-19,57,0.0,-0.0,104.99999999999999,0.0008696938485614089
4,0.5,-0.4999999999999999,3.8826608787250196e-19,58,0.0,-0.0,109.99999999999997,0.0008737328470758835
4,0.5,-0.4999999999999999,3.8826608787250196e-19,59,0.0,-0.0,114.99999999999997,0.000877665163001934
4,0.5,-0.4999999999999999,3.8826608787250196e-19,60,0.0,-0.0,120.00000000000001,0.0008814049675549067
4,0.5,-0.4999999999999999,3.8826608787250196e-19,61,0.0,-0.0,125.00000000000001,0.0008848912463188723
4,0.5,-0.4999999999999999,3.8826608787250196e-19,62,0.0,-0.0,130.0,0.0008880879537173296
4,0.5,-0.4999999999999999,3.8826608787250196e-19,63,0.0,-0.0,135.0,0.000890995627950644
4,0.5,-0.4999999999999999,3.8826608787250196e-19,64,0.0,-0.0,140.0,0.0008936081776808565
4,0.5,-0.4999999999999999,3.8826608787250196e-19,65,0.0,-0.0,145.0,0.0008959055834852111
4,0.5,-0.4999999999999999,3.8826608787250196e-19,66,0.0,-0.0,149.99999999999997,0.0008978485617195866
4,0.5,-0.4999999999999999,3.8826608787250196e-19,67,0.0,-0.0,154.99999999999997,0.0008993798776794795
4,0.5,-0.4999999999999999,3.8826608787250196e-19,68,0.0,-0.0,159.99999999999997,0.0009004312752865808
4,0.5,-0.4999999999999999,3.8826608787250196e-19,69,0.0,-0.0,165.00000000000003,0.0009009295834004407
4,0.5,-0.4999999999999999,3.8826608787250196e-19,70,0.0,-0.0,170.0,0.00090080373650094
4,0.5,-0.4999999999999999,3.8826608787250196e-19,71,0.0,-0.0,175.0,0.0008999934788995752
5,-0.5,-0.24999999999999994,-1.9412749989867938e-19,0,0.0,-0.0,-180.0,0.0008357043225822685
5,-0.5,-0.24999999999999994,-1.9412749989867938e-19,1,0.0,-0.0,-175.0,0.0008410866953393638
5,-0.5,-0.24999999999999994,-1.9412749989867938e-19,2,0.0,-0.0,-170.0,0.0008460040484620803
5,-0.5,-0.24999999999999994,-1.9412749989867938e-19,3,0.0,-0.0,-165.0,0.0008503054738861295
5,-0.5,-0.24999999999999994,-1.9412749989867938e-19,4,0.0,-0.0,-160.0,0.000853871752463311
5,-0.5,-0.24999999999999994,-1.9412749989867938e-19,5,0.0,-0.0,-155.0,0.0008566158901626813
5,-0.5,-0.24999999999999994,-1.9412749989867938e-19,6,0.0,-0.0,-150.0,0.0008584816494467825
5,-0.5,-0.24999999999999994,-1.9412749989867938e-19,7,0.0,-0.0,-145.0,0.000859441053579183
5,-0.5,-0.24999999999999994,-1.9412749989867938e-19,8,0.0,-0.0,-140.0,0.0008594909713847566
5,-0.5,-0.24999999999999994,-1.9412749989867938e-19,9,0.0,-0.0,-135.0,0.000858649544309473
5,-0.5,-0.24999999999999994,-1.9412749989867938e-19,10,0.0,-0.0,-130.0,0.0008569543700801502
5,-0.5,-0.24999999999999994,-1.9412749989867938e-19,11,0.0,-0.0,-125.00000000000001,0.0008544616601036007
5,-0.5,-0.24999999999999994,-1.9412749989867938e-19,12,0.0,-0.0,-120.00000000000001,0.0008512459801260486
5,-0.5,-0.24999999999999994,-1.9412749989867938e-19,13,0.0,-0.0,-115.0,0.0008473993600844683
5,-0.5,-0.24999999999999994,-1.9412749989867938e-19,14,0.0,-0.0,-109.99999999999999,0.0008430296648177578
5,-0.5,-0.24999999999999994,-1.9412749989867938e-19,15,0.0,-0.0,-105.00000000000001,0.0008382579963768087
5,-0.5,-0.24999999999999994,-1.9412749989867938e-19,16,0.0,-0.0,-100.0,0.0008332148380732324
5,-0.5,-0.24999999999999994,-1.9412749989867938e-19,17,0.0,-0.0,-95.0,0.0008280359416366574
5,-0.5,-0.24999999999999994,-1.9412749989867938e-19,18,0.0,-0.0,-89.99999999999999,0.0008228602016481943
5,-0.5,-0.24999999999999994,-1.9412749989867938e-19,19,0.0,-0.0,-85.0,0.0008178257896079146
5,-0.5,-0.24999999999999994,-1.9412749989867938e-19,20,0.0,-0.0,-80.0,0.0008130691082975593
5,-0.5,-0.24999999999999994,-1.9412749989867938e-19,21,0.0,-0.0,-75.0,0.0008087227031864119
5,-0.5,-0.24999999999999994,-1.9412749989867938e-19,22,0.0,-0.0,-70.0,0.000804913036809538
5,-0.5,-0.24999999999999994,-1.9412749989867938e-19,23,0.0,-0.0,-65.0,0.0008017586160794127
5,-0.5,-0.24999999999999994,-1.9412749989867938e-19,24,0.0,-0.0,-60.00000000000001,0.0007993668282220827
5,-0.5,-0.24999999999999994,-1.9412749989867938e-19,25,0.0,-0.0,-55.00000000000002,0.0007978312207193235
5,-0.5,-0.24999999999999994,-1.9412749989867938e-19,26,0.0,-0.0,-49.99999999999999,0.0007972262166818804
5,-0.5,-0.24999999999999994,-1.9412749989867938e-19,27,0.0,-0.0,-45.00000000000001,0.0007976029634405793
5,-0.5,-0.24999999999999994,-1.9412749989867938e-19,28,0.0,-0.0,-40.000000000000014,0.0007989837115249395
5,-0.5,-0.24999999999999994,-1.9412749989867938e-19,29,0.0,-0.0,-35.000000000000014,0.0008013559737284982
5,-0.5,-0.24999999999999994,-1.9412749989867938e-19,30,0.0,-0.0,-29.999999999999993,0.0008046669834004013
5,-0.5,-0.24999999999999994,-1.9412749989867938e-19,31,0.0,-0.0,-24.999999999999996,0.0008088216232858493
5,-0.5,-0.24999999999999994,-1.9412749989867938e-19,32,0.0,-0.0,-20.0,0.0008136814199204344
5,-0.5,-0.24999999999999994,-1.9412749989867938e-19,33,0.0,-0.0,-15.000000000000009,0.0008190704411760133
5,-0.5,-0.24999999999999994,-1.9412749989867938e-19,34,0.0,-0.0,-10.000000000000014,0.000824784856128061
5,-0.5,-0.24999999999999994,-1.9412749989867938e-19,35,0.0,-0.0,-4.999999999999995,0.0008306069555867174
5,-0.5,-0.24999999999999994,-1.9412749989867938e-19,36,0.0,-0.0,0.0,0.0008363191219006679
5,-0.5,-0.24999999999999994,-1.9412749989867938e-19,37,0.0,-0.0,4.999999999999995,0.0008417174190144969
5,-0.5,-0.24999999999999994,-1.9412749989867938e-19,38,0.0,-0.0,9.999999999999988,0.0008466211163814793
5,-0.5,-0.24999999999999994,-1.9412749989867938e-19,39,0.0,-0.0,15.000000000000009,0.0008508799808434692
5,-0.5,-0.24999999999999994,-1.9412749989867938e-19,40,0.0,-0.0,20.0,0.0008543770690326112
5,-0.5,-0.24999999999999994,-1.9412749989867938e-19,41,0.0,-0.0,24.999999999999996,0.0008570285064002586
5,-0.5,-0.24999999999999994,-1.9412749989867938e-19,42,0.0,-0.0,29.999999999999993,0.0008587821227498399
5,-0.5,-0.24999999999999994,-1.9412749989867938e-19,43,0.0,-0.0,34.99999999999999,0.000859614285430306
5,-0.5,-0.24999999999999994,-1.9412749989867938e-19,44,0.0,-0.0,40.000000000000014,0.0008595264154867923
5,-0.5,-0.24999999999999994,-1.9412749989867938e-19,45,0.0,-0.0,45.00000000000001,0.0008585418669589326
5,-0.5,-0.24999999999999994,-1.9412749989867938e-19,46,0.0,-0.0,49.99999999999999,0.0008567040135730568
5,-0.5,-0.24999999999999994,-1.9412749989867938e-19,47,0.0,-0.0,54.99999999999999,0.0008540753140884447
5,-0.5,-0.24999999999999994,-1.9412749989867938e-19,48,0.0,-0.0,59.999999999999986,0.0008507366741075614
5,-0.5,-0.24999999999999994,-1.9412749989867938e-19,49,0.0,-0.0,64.99999999999997,0.0008467861701284288
5,-0.5,-0.24999999999999994,-1.9412749989867938e-19,50,0.0,-0.0,69.99999999999997,0.0008423361348108017
5,-0.5,-0.24999999999999994,-1.9412749989867938e-19,51,0.0,-0.0,75.00000000000001,0.0008375103387557121
5,-0.5,-0.24999999999999994,-1.9412749989867938e-19,52,0.0,-0.0,80.00000000000001,0.00083244047069657
5,-0.5,-0.24999999999999994,-1.9412749989867938e-19,53,0.0,-0.0,85.0,0.0008272615410180679
5,-0.5,-0.24999999999999994,-1.9412749989867938e-19,54,0.0,-0.0,89.99999999999999,0.0008221102230418213
5,-0.5,-0.24999999999999994,-1.9412749989867938e-19,55,0.0,-0.0,95.0,0.000817121937894893
5,-0.5,-0.24999999999999994,-1.9412749989867938e-19,56,0.0,-0.0,99.99999999999997,0.0008124287718379212
5,-0.5,-0.24999999999999994,-1.9412749989867938e-19,57,0.0,-0.0,104.99999999999999,0.0008081589467540316
5,-0.5,-0.24999999999999994,-1.9412749989867938e-19,58,0.0,-0.0,109.99999999999997,0.0008044336126943757
5,-0.5,-0.24999999999999994,-1.9412749989867938e-19,59,0.0,-0.0,114.99999999999997,0.0008013653658823129
5,-0.5,-0.24999999999999994,-1.9412749989867938e-19,60,0.0,-0.0,120.00000000000001,0.0007990560001826349
5,-0.5,-0.24999999999999994,-1.9412749989867938e-19,61,0.0,-0.0,125.00000000000001,0.0007975927164658312
5,-0.5,-0.24999999999999994,-1.9412749989867938e-19,62,0.0,-0.0,130.0,0.0007970441421462257
5,-0.5,-0.24999999999999994,-1.9412749989867938e-19,63,0.0,-0.0,135.0,0.0007974563186263905
5,-0.5,-0.24999999999999994,-1.9412749989867938e-19,64,0.0,-0.0,140.0,0.00079884738585733
5,-0.5,-0.24999999999999994,-1.9412749989867938e-19,65,0.0,-0.0,145.0,0.0008012032439757762
5,-0.5,-0.24999999999999994,-1.9412749989867938e-19,66,0.0,-0.0,149.99999999999997,0.000804471580428682
5,-0.5,-0.24999999999999994,-1.9412749989867938e-19,67,0.0,-0.0,154.99999999999997,0.0008085613542020422
5,-0.5,-0.24999999999999994,-1.9412749989867938e-19,68,0.0,-0.0,159.99999999999997,0.0008133413824198729
5,-0.5,-0.24999999999999994,-1.9412749989867938e-19,69,0.0,-0.0,165.00000000000003,0.000818644907301279
5,-0.5,-0.24999999999999994,-1.9412749989867938e-19,70,0.0,-0.0,170.0,0.0008242787638566187
5,-0.5,-0.24999999999999994,-1.9412749989867938e-19,71,0.0,-0.0,175.0,0.000830035289422046
6,-0.25,-0.25,1.9412749989867938e-19,0,0.0,-0.0,-180.0,0.0006358745122104388
6,-0.25,-0.25,1.9412749989867938e-19,1,0.0,-0.0,-175.0,0.0006392227432665705
6,-0.25,-0.25,1.9412749989867938e-19,2,0.0,-0.0,-170.0,0.0006427086595444273
6,-0.25,-0.25,1.9412749989867938e-19,3,0.0,-0.0,-165.0,0.0006462145386962617
6,-0.25,-0.25,1.9412749989867938e-19,4,0.0,-0.0,-160.0,0.0006496266166539543
6,-0.25,-0.25,1.9412749989867938e-19,5,0.0,-0.0,-155.0,0.0006528387713428034
6,-0.25,-0.25,1.9412749989867938e-19,6,0.0,-0.0,-150.0,0.0006557550410882008
6,-0.25,-0.25,1.9412749989867938e-19,7,0.0,-0.0,-145.0,0.0006582915078679104
6,-0.25,-0.25,1.9412749989867938e-19,8,0.0,-0.0,-140.0,0.0006603776845839906
6,-0.25,-0.25,1.9412749989867938e-19,9,0.0,-0.0,-135.0,0.0006619576662353009
6,-0.25,-0.25,1.9412749989867938e-19,10,0.0,-0.0,-130.0,0.000662990815680617
6,-0.25,-0.25,1.9412749989867938e-19,11,0.0,-0.0,-125.00000000000001,0.0006634538788852754
6,-0.25,-0.25,1.9412749989867938e-19,12,0.0,-0.0,-120.00000000000001,0.0006633408796772087
6,-0.25,-0.25,1.9412749989867938e-19,13,0.0,-0.0,-115.0,0.0006626639966191704
6,-0.25,-0.25,1.9412749989867938e-19,14,0.0,-0.0,-109.99999999999999,0.0006614528004090743
6,-0.25,-0.25,1.9412749989867938e-19,15,0.0,-0.0,-105.00000000000001,0.0006597519952841567
6,-0.25,-0.25,1.9412749989867938e-19,16,0.0,-0.0,-100.0,0.000657619173722925
6,-0.25,-0.25,1.9412749989867938e-19,17,0.0,-0.0,-95.0,0.0006551208959290586
6,-0.25,-0.25,1.9412749989867938e-19,18,0.0,-0.0,-89.99999999999999,0.000652330441106507
6,-0.25,-0.25,1.9412749989867938e-19,19,0.0,-0.0,-85.0,0.0006493251639548827
6,-0.25,-0.25,1.9412749989867938e-19,20,0.0,-0.0,-80.0,0.0006461850448949618
6,-0.25,-0.25,1.9412749989867938e-19,21,0.0,-0.0,-75.0,0.0006429914238647166
6,-0.25,-0.25,1.9412749989867938e-19,22,0.0,-0.0,-70.0,0.0006398267116984255
6,-0.25,-0.25,1.9412749989867938e-19,23,0.0,-0.0,-65.0,0.0006367740150547874
6,-0.25,-0.25,1.9412749989867938e-19,24,0.0,-0.0,-60.00000000000001,0.0006339161455203955
6,-0.25,-0.25,1.9412749989867938e-19,25,0.0,-0.0,-55.00000000000002,0.0006313354923353281
6,-0.25,-0.25,1.9412749989867938e-19,26,0.0,-0.0,-49.99999999999999,0.0006291122392385463
6,-0.25,-0.25,1.9412749989867938e-19,27,0.0,-0.0,-45.00000000000001,0.0006273227890018771
6,-0.25,-0.25,1.9412749989867938e-19,28,0.0,-0.0,-40.000000000000014,0.0006260367742363579
6,-0.25,-0.25,1.9412749989867938e-19,29,0.0,-0.0,-35.000000000000014,0.0006253130018555247
6,-0.25,-0.25,1.9412749989867938e-19,30,0.0,-0.0,-29.999999999999993,0.000625195534676716
6,-0.25,-0.25,1.9412749989867938e-19,31,0.0,-0.0,-24.999999999999996,0.0006257079259541156
6,-0.25,-0.25,1.9412749989867938e-19,32,0.0,-0.0,-20.0,0.0006268490800094111
6,-0.25,-0.25,1.9412749989867938e-19,33,0.0,-0.0,-15.000000000000009,0.000628590530786998
6,-0.25,-0.25,1.9412749989867938e-19,34,0.0,-0.0,-10.000000000000014,0.0006308761590308626
6,-0.25,-0.25,1.9412749989867938e-19,35,0.0,-0.0,-4.999999999999995,0.0006336247609156924
6,-0.25,-0.25,1.9412749989867938e-19,36,0.0,-0.0,0.0,0.0006367361944341458
6,-0.25,-0.25,1.9412749989867938e-19,37,0.0,-0.0,4.999999999999995,0.0006400967015623086
6,-0.25,-0.25,1.9412749989867938e-19,38,0.0,-0.0,9.999999999999988,0.0006435863213008511
6,-0.25,-0.25,1.9412749989867938e-19,39,0.0,-0.0,15.000000000000009,0.0006470849067129253
6,-0.25,-0.25,1.9412749989867938e-19,40,0.0,-0.0,20.0,0.000650476555294455
6,-0.25,-0.25,1.9412749989867938e-19,41,0.0,-0.0,24.999999999999996,0.0006536535689515964
6,-0.25,-0.25,1.9412749989867938e-19,42,0.0,-0.0,29.999999999999993,0.0006565189502753055
6,-0.25,-0.25,1.9412749989867938e-19,43,0.0,-0.0,34.99999999999999,0.0006589886595828162
6,-0.25,-0.25,1.9412749989867938e-19,44,0.0,-0.0,40.000000000000014,0.0006609924113789613
6,-0.25,-0.25,1.9412749989867938e-19,45,0.0,-0.0,45.00000000000001,0.0006624756361522884
6,-0.25,-0.25,1.9412749989867938e-19,46,0.0,-0.0,49.99999999999999,0.0006633996946450698
6,-0.25,-0.25,1.9412749989867938e-19,47,0.0,-0.0,54.99999999999999,0.0006637441626695888
6,-0.25,-0.25,1.9412749989867938e-19,48,0.0,-0.0,59.999999999999986,0.0006635066993569101
6,-0.25,-0.25,1.9412749989867938e-19,49,0.0,-0.0,64.99999999999997,0.0006627033888287315
6,-0.25,-0.25,1.9412749989867938e-19,50,0.0,-0.0,69.99999999999997,0.0006613676963270615
6,-0.25,-0.25,1.9412749989867938e-19,51,0.0,-0.0,75.00000000000001,0.0006595479130998832
6,-0.25,-0.25,1.9412749989867938e-19,52,0.0,-0.0,80.00000000000001,0.000657304337192237
6,-0.25,-0.25,1.9412749989867938e-19,53,0.0,-0.0,85.0,0.0006547058011374604
6,-0.25,-0.25,1.9412749989867938e-19,54,0.0,-0.0,89.99999999999999,0.0006518267155710969
6,-0.25,-0.25,1.9412749989867938e-19,55,0.0,-0.0,95.0,0.0006487453521697593
6,-0.25,-0.25,1.9412749989867938e-19,56,0.0,-0.0,99.99999999999997,0.0006455417624736532
6,-0.25,-0.25,1.9412749989867938e-19,57,0.0,-0.0,104.99999999999999,0.0006422972446839463
6,-0.25,-0.25,1.9412749989867938e-19,58,0.0,-0.0,109.99999999999997,0.0006390936049183706
6,-0.25,-0.25,1.9412749989867938e-19,59,0.0,-0.0,114.99999999999997,0.000636013110760199
6,-0.25,-0.25,1.9412749989867938e-19,60,0.0,-0.0,120.00000000000001,0.0006331375167359728
6,-0.25,-0.25,1.9412749989867938e-19,61,0.0,-0.0,125.00000000000001,0.0006305476419714371
6,-0.25,-0.25,1.9412749989867938e-19,62,0.0,-0.0,130.0,0.0006283220856334607
6,-0.25,-0.25,1.9412749989867938e-19,63,0.0,-0.0,135.0,0.0006265348507813422
6,-0.25,-0.25,1.9412749989867938e-19,64,0.0,-0.0,140.0,0.0006252531666935889
6,-0.25,-0.25,1.9412749989867938e-19,65,0.0,-0.0,145.0,0.0006245334020003816
6,-0.25,-0.25,1.9412749989867938e-19,66,0.0,-0.0,149.99999999999997,0.0006244169235897577
6,-0.25,-0.25,1.9412749989867938e-19,67,0.0,-0.0,154.99999999999997,0.0006249256124595113
6,-0.25,-0.25,1.9412749989867938e-19,68,0.0,-0.0,159.99999999999997,0.0006260574725575726
6,-0.25,-0.25,1.9412749989867938e-19,69,0.0,-0.0,165.00000000000003,0.0006277843478501853
6,-0.25,-0.25,1.9412749989867938e-19,70,0.0,-0.0,170.0,0.0006300515207064743
6,-0.25,-0.25,1.9412749989867938e-19,71,0.0,-0.0,175.0,0.0006327806348537791
7,0.0,-0.25,0.0,0,0.0,-0.0,-180.0,0.0004985931023178468
7,0.0,-0.25,0.0,1,0.0,-0.0,-175.0,0.0004974751054891092
7,0.0,-0.25,0.0,2,0.0,-0.0,-170.0,0.0004966717411395617
7,0.0,-0.25,0.0,3,0.0,-0.0,-165.0,0.000496207288627912
7,0.0,-0.25,0.0,4,0.0,-0.0,-160.0,0.0004960955678153051
7,0.0,-0.25,0.0,5,0.0,-0.0,-155.0,0.0004963398488732303
7,0.0,-0.25,0.0,6,0.0,-0.0,-150.0,0.0004969329723497572
7,0.0,-0.25,0.0,7,0.0,-0.0,-145.0,0.0004978571454344605
7,0.0,-0.25,0.0,8,0.0,-0.0,-140.0,0.000499084211034853
7,0.0,-0.25,0.0,9,0.0,-0.0,-135.0,0.0005005756716414051
7,0.0,-0.25,0.0,10,0.0,-0.0,-130.0,0.0005022832802025259
7,0.0,-0.25,0.0,11,0.0,-0.0,-125.00000000000001,0.0005041508512508863
7,0.0,-0.25,0.0,12,0.0,-0.0,-120.00000000000001,0.0005061159320724473
7,0.0,-0.25,0.0,13,0.0,-0.0,-115.0,0.000508113376073347
7,0.0,-0.25,0.0,14,0.0,-0.0,-109.99999999999999,0.0005100787352974606
7,0.0,-0.25,0.0,15,0.0,-0.0,-105.00000000000001,0.0005119512115076942
7,0.0,-0.25,0.0,16,0.0,-0.0,-100.0,0.0005136764788919119
7,0.0,-0.25,0.0,17,0.0,-0.0,-95.0,0.0005152078990784282
7,0.0,-0.25,0.0,18,0.0,-0.0,-89.99999999999999,0.00051650747369802
7,0.0,-0.25,0.0,19,0.0,-0.0,-85.0,0.0005175450371506637
7,0.0,-0.25,0.0,20,0.0,-0.0,-80.0,0.000518298340325346
7,0.0,-0.25,0.0,21,0.0,-0.0,-75.0,0.0005187520263120097
7,0.0,-0.25,0.0,22,0.0,-0.0,-70.0,0.000518897319005661
7,0.0,-0.25,0.0,23,0.0,-0.0,-65.0,0.0005187315183479924
7,0.0,-0.25,0.0,24,0.0,-0.0,-60.00000000000001,0.0005182582078246106
7,0.0,-0.25,0.0,25,0.0,-0.0,-55.00000000000002,0.0005174872369675418
7,0.0,-0.25,0.0,26,0.0,-0.0,-49.99999999999999,0.0005164349075027312
7,0.0,-0.25,0.0,27,0.0,-0.0,-45.00000000000001,0.0005151250141657005
7,0.0,-0.25,0.0,28,0.0,-0.0,-40.000000000000014,0.0005135892444436132
7,0.0,-0.25,0.0,29,0.0,-0.0,-35.000000000000014,0.0005118677010487423
7,0.0,-0.25,0.0,30,0.0,-0.0,-29.999999999999993,0.000510009130734973
7,0.0,-0.25,0.0,31,0.0,-0.0,-24.999999999999996,0.0005080702419410479
7,0.0,-0.25,0.0,32,0.0,-0.0,-20.0,0.0005061136064039705
7,0.0,-0.25,0.0,33,0.0,-0.0,-15.000000000000009,0.0005042051919227336
7,0.0,-0.25,0.0,34,0.0,-0.0,-10.000000000000014,0.0005024105401182673
7,0.0,-0.25,0.0,35,0.0,-0.0,-4.999999999999995,0.0005007915119729038
7,0.0,-0.25,0.0,36,0.0,-0.0,0.0,0.0004994029604113587
7,0.0,-0.25,0.0,37,0.0,-0.0,4.999999999999995,0.0004982909362704711
7,0.0,-0.25,0.0,38,0.0,-0.0,9.999999999999988,0.0004974909775683536
7,0.0,-0.25,0.0,39,0.0,-0.0,15.000000000000009,0.0004970281977315264
7,0.0,-0.25,0.0,40,0.0,-0.0,20.0,0.0004969168667432861
7,0.0,-0.25,0.0,41,0.0,-0.0,24.999999999999996,0.0004971603409239246
7,0.0,-0.25,0.0,42,0.0,-0.0,29.999999999999993,0.0004977511627546379
7,0.0,-0.25,0.0,43,0.0,-0.0,34.99999999999999,0.000498671079483923
7,0.0,-0.25,0.0,44,0.0,-0.0,40.000000000000014,0.0004998910269906337
7,0.0,-0.25,0.0,45,0.0,-0.0,45.00000000000001,0.0005013715194943268
7,0.0,-0.25,0.0,46,0.0,-0.0,49.99999999999999,0.000503062895789297
7,0.0,-0.25,0.0,47,0.0,-0.0,54.99999999999999,0.0005049075196055905
7,0.0,-0.25,0.0,48,0.0,-0.0,59.999999999999986,0.0005068416704921881
7,0.0,-0.25,0.0,49,0.0,-0.0,64.99999999999997,0.0005087993628337871
7,0.0,-0.25,0.0,50,0.0,-0.0,69.99999999999997,0.0005107153173246814
7,0.0,-0.25,0.0,51,0.0,-0.0,75.00000000000001,0.0005125289756333548
7,0.0,-0.25,0.0,52,0.0,-0.0,80.00000000000001,0.000514186426706195
7,0.0,-0.25,0.0,53,0.0,-0.0,85.0,0.0005156421153814603
7,0.0,-0.25,0.0,54,0.0,-0.0,89.99999999999999,0.0005168591791557186
7,0.0,-0.25,0.0,55,0.0,-0.0,95.0,0.0005178088886113483
7,0.0,-0.25,0.0,56,0.0,-0.0,99.99999999999997,0.0005184703182574755
7,0.0,-0.25,0.0,57,0.0,-0.0,104.99999999999999,0.0005188296679289457
7,0.0,-0.25,0.0,58,0.0,-0.0,109.99999999999997,0.0005188794855646813
7,0.0,-0.25,0.0,59,0.0,-0.0,114.99999999999997,0.0005186184446241899
7,0.0,-0.25,0.0,60,0.0,-0.0,120.00000000000001,0.0005180515707093786
7,0.0,-0.25,0.0,61,0.0,-0.0,125.00000000000001,0.0005171900568053962
7,0.0,-0.25,0.0,62,0.0,-0.0,130.0,0.0005160517267808945
7,0.0,-0.25,0.0,63,0.0,-0.0,135.0,0.0005146616714137641
7,0.0,-0.25,0.0,64,0.0,-0.0,140.0,0.0005130530129961425
7,0.0,-0.25,0.0,65,0.0,-0.0,145.0,0.0005112669119445914
7,0.0,-0.25,0.0,66,0.0,-0.0,149.99999999999997,0.0005093530106884356
7,0.0,-0.25,0.0,67,0.0,-0.0,154.99999999999997,0.0005073683205523346
7,0.0,-0.25,0.0,68,0.0,-0.0,159.99999999999997,0.000505375305570623
7,0.0,-0.25,0.0,69,0.0,-0.0,165.00000000000003,0.0005034390479073151
7,0.0,-0.25,0.0,70,0.0,-0.0,170.0,0.0005016241863816483
7,0.0,-0.25,0.0,71,0.0,-0.0,175.0,0.000499991017014328
8,0.25000000000000006,-0.25,-9.706374994933969e-20,0,0.0,-0.0,-180.0,0.0006596557222157873
8,0.25000000000000006,-0.25,-9.706374994933969e-20,1,0.0,-0.0,-175.0,0.0006573941544692033
8,0.25000000000000006,-0.25,-9.706374994933969e-20,2,0.0,-0.0,-170.0,0.0006547069675124831
8,0.25000000000000006,-0.25,-9.706374994933969e-20,3,0.0,-0.0,-165.0,0.0006516698170839574
8,0.25000000000000006,-0.25,-9.706374994933969e-20,4,0.0,-0.0,-160.0,0.0006483711808444786
8,0.25000000000000006,-0.25,-9.706374994933969e-20,5,0.0,-0.0,-155.0,0.0006449112383964212
8,0.25000000000000006,-0.25,-9.706374994933969e-20,6,0.0,-0.0,-150.0,0.000641399199062082
8,0.25000000000000006,-0.25,-9.706374994933969e-20,7,0.0,-0.0,-145.0,0.000637950807926806
8,0.25000000000000006,-0.25,-9.706374994933969e-20,8,0.0,-0.0,-140.0,0.0006346840977149473
8,0.25000000000000006,-0.25,-9.706374994933969e-20,9,0.0,-0.0,-135.0,0.00063171399236377
8,0.25000000000000006,-0.25,-9.706374994933969e-20,10,0.0,-0.0,-130.0,0.0006291467551709843
8,0.25000000000000006,-0.25,-9.706374994933969e-20,11,0.0,-0.0,-125.00000000000001,0.0006270732444811976
8,0.25000000000000006,-0.25,-9.706374994933969e-20,12,0.0,-0.0,-120.00000000000001,0.0006255634161248702
8,0.25000000000000006,-0.25,-9.706374994933969e-20,13,0.0,-0.0,-115.0,0.00062466224956043
8,0.25000000000000006,-0.25,-9.706374994933969e-20,14,0.0,-0.0,-109.99999999999999,0.000624387943376726
8,0.25000000000000006,-0.25,-9.706374994933969e-20,15,0.0,-0.0,-105.00000000000001,0.0006247332661569651
8,0.25000000000000006,-0.25,-9.706374994933969e-20,16,0.0,-0.0,-100.0,0.0006256685064870657
8,0.25000000000000006,-0.25,-9.706374994933969e-20,17,0.0,-0.0,-95.0,0.0006271460649714728
8,0.25000000000000006,-0.25,-9.706374994933969e-20,18,0.0,-0.0,-89.99999999999999,0.0006291052084772156
8,0.25000000000000006,-0.25,-9.706374994933969e-20,19,0.0,-0.0,-85.0,0.0006314756673421831
8,0.25000000000000006,-0.25,-9.706374994933969e-20,20,0.0,-0.0,-80.0,0.0006341815025315081
8,0.25000000000000006,-0.25,-9.706374994933969e-20,21,0.0,-0.0,-75.0,0.0006371430835155788
8,0.25000000000000006,-0.25,-9.706374994933969e-20,22,0.0,-0.0,-70.0,0.0006402791461668613
8,0.25000000000000006,-0.25,-9.706374994933969e-20,23,0.0,-0.0,-65.0,0.0006435075969025893
8,0.25000000000000006,-0.25,-9.706374994933969e-20,24,0.0,-0.0,-60.00000000000001,0.0006467464159437316
8,0.25000000000000006,-0.25,-9.706374994933969e-20,25,0.0,-0.0,-55.00000000000002,0.0006499138602362228
8,0.25000000000000006,-0.25,-9.706374994933969e-20,26,0.0,-0.0,-49.99999999999999,0.0006529289939406724
8,0.25000000000000006,-0.25,-9.706374994933969e-20,27,0.0,-0.0,-45.00000000000001,0.0006557124408580317
8,0.25000000000000006,-0.25,-9.706374994933969e-20,28,0.0,-0.0,-40.000000000000014,0.0006581869306075951
8,0.25000000000000006,-0.25,-9.706374994933969e-20,29,0.0,-0.0,-35.000000000000014,0.0006602800494456927
8,0.25000000000000006,-0.25,-9.706374994933969e-20,30,0.0,-0.0,-29.999999999999993,0.0006619256508093079
8,0.25000000000000006,-0.25,-9.706374994933969e-20,31,0.0,-0.0,-24.999999999999996,0.0006630675714170482
8,0.25000000000000006,-0.25,-9.706374994933969e-20,32,0.0,-0.0,-20.0,0.0006636627598139193
8,0.25000000000000006,-0.25,-9.706374994933969e-20,33,0.0,-0.0,-15.000000000000009,0.0006636839555335223
8,0.25000000000000006,-0.25,-9.706374994933969e-20,34,0.0,-0.0,-10.000000000000014,0.0006631219577308564
8,0.25000000000000006,-0.25,-9.706374994933969e-20,35,0.0,-0.0,-4.999999999999995,0.0006619858101493681
8,0.25000000000000006,-0.25,-9.706374994933969e-20,36,0.0,-0.0,0.0,0.0006603029578720787
8,0.25000000000000006,-0.25,-9.706374994933969e-20,37,0.0,-0.0,4.999999999999995,0.0006581180615534283
8,0.25000000000000006,-0.25,-9.706374994933969e-20,38,0.0,-0.0,9.999999999999988,0.0006554917462566009
8,0.25000000000000006,-0.25,-9.706374994933969e-20,39,0.0,-0.0,15.000000000000009,0.0006524994855192863
8,0.25000000000000006,-0.25,-9.706374994933969e-20,40,0.0,-0.0,20.0,0.0006492303916598176
8,0.25000000000000006,-0.25,-9.706374994933969e-20,41,0.0,-0.0,24.999999999999996,0.0006457858084897186
8,0.25000000000000006,-0.25,-9.706374994933969e-20,42,0.0,-0.0,29.999999999999993,0.0006422766528649519
8,0.25000000000000006,-0.25,-9.706374994933969e-20,43,0.0,-0.0,34.99999999999999,0.0006388210309936702
8,0.25000000000000006,-0.25,-9.706374994933969e-20,44,0.0,-0.0,40.000000000000014,0.0006355396713548149
8,0.25000000000000006,-0.25,-9.706374994933969e-20,45,0.0,-0.0,45.00000000000001,0.0006325508795482553
8,0.25000000000000006,-0.25,-9.706374994933969e-20,46,0.0,-0.0,49.99999999999999,0.0006299642472524096
8,0.25000000000000006,-0.25,-9.706374994933969e-20,47,0.0,-0.0,54.99999999999999,0.0006278734137800894
8,0.25000000000000006,-0.25,-9.706374994933969e-20,48,0.0,-0.0,59.999999999999986,0.0006263508582384909
8,0.25000000000000006,-0.25,-9.706374994933969e-20,49,0.0,-0.0,64.99999999999997,0.0006254425422463801
8,0.25000000000000006,-0.25,-9.706374994933969e-20,50,0.0,-0.0,69.99999999999997,0.0006251664804005304
8,0.25000000000000006,-0.25,-9.706374994933969e-20,51,0.0,-0.0,75.00000000000001,0.0006255141469169894
8,0.25000000000000006,-0.25,-9.706374994933969e-20,52,0.0,-0.0,80.00000000000001,0.0006264538456408719
8,0.25000000000000006,-0.25,-9.706374994933969e-20,53,0.0,-0.0,85.0,0.0006279351945090321
8,0.25000000000000006,-0.25,-9.706374994933969e-20,54,0.0,-0.0,89.99999999999999,0.0006298951391308418
8,0.25000000000000006,-0.25,-9.706374994933969e-20,55,0.0,-0.0,95.0,0.0006322609808987017
8,0.25000000000000006,-0.25,-9.706374994933969e-20,56,0.0,-0.0,99.99999999999997,0.0006349545794390409
8,0.25000000000000006,-0.25,-9.706374994933969e-20,57,0.0,-0.0,104.99999999999999,0.0006378948615006569
8,0.25000000000000006,-0.25,-9.706374994933969e-20,58,0.0,-0.0,109.99999999999997,0.000640999078289549
8,0.25000000000000006,-0.25,-9.706374994933969e-20,59,0.0,-0.0,114.99999999999997,0.0006441842539472778
8,0.25000000000000006,-0.25,-9.706374994933969e-20,60,0.0,-0.0,120.00000000000001,0.0006473674975888148
8,0.25000000000000006,-0.25,-9.706374994933969e-20,61,0.0,-0.0,125.00000000000001,0.0006504667923546594
8,0.25000000000000006,-0.25,-9.706374994933969e-20,62,0.0,-0.0,130.0,0.0006534010826677424
8,0.25000000000000006,-0.25,-9.706374994933969e-20,63,0.0,-0.0,135.0,0.000656091430227723
8,0.25000000000000006,-0.25,-9.706374994933969e-20,64,0.0,-0.0,140.0,0.0006584615507725566
8,0.25000000000000006,-0.25,-9.706374994933969e-20,65,0.0,-0.0,145.0,0.0006604405434488306
8,0.25000000000000006,-0.25,-9.706374994933969e-20,66,0.0,-0.0,149.99999999999997,0.0006619647476143724
8,0.25000000000000006,-0.25,-9.706374994933969e-20,67,0.0,-0.0,154.99999999999997,0.0006629809997635725
8,0.25000000000000006,-0.25,-9.706374994933969e-20,68,0.0,-0.0,159.99999999999997,0.0006634500601953242
8,0.25000000000000006,-0.25,-9.706374994933969e-20,69,0.0,-0.0,165.00000000000003,0.0006633485087839231
8,0.25000000000000006,-0.25,-9.706374994933969e-20,70,0.0,-0.0,170.0,0.0006626710799656293
8,0.25000000000000006,-0.25,-9.706374994933969e-20,71,0.0,-0.0,175.0,0.0006614301918528698
9,0.5,-0.24999999999999994,1.9412749989867938e-19,0,0.0,-0.0,-180.0,0.0008595780046273494
9,0.5,-0.24999999999999994,1.9412749989867938e-19,1,0.0,-0.0,-175.0,0.0008591897219672169
9,0.5,-0.24999999999999994,1.9412749989867938e-19,2,0.0,-0.0,-170.0,0.0008578904692642657
9,0.5,-0.24999999999999994,1.9412749989867938e-19,3,0.0,-0.0,-165.0,0.0008556922224191608
9,0.5,-0.24999999999999994,1.9412749989867938e-19,4,0.0,-0.0,-160.0,0.0008526331005353568
9,0.5,-0.24999999999999994,1.9412749989867938e-19,5,0.0,-0.0,-155.0,0.000848780581092416
9,0.5,-0.24999999999999994,1.9412749989867938e-19,6,0.0,-0.0,-150.0,0.0008442336187648007
9,0.5,-0.24999999999999994,1.9412749989867938e-19,7,0.0,-0.0,-145.0,0.000839123499408025
9,0.5,-0.24999999999999994,1.9412749989867938e-19,8,0.0,-0.0,-140.0,0.0008336120301581331
9,0.5,-0.24999999999999994,1.9412749989867938e-19,9,0.0,-0.0,-135.0,0.0008278861594009819
9,0.5,-0.24999999999999994,1.9412749989867938e-19,10,0.0,-0.0,-130.0,0.0008221506902593015
9,0.5,-0.24999999999999994,1.9412749989867938e-19,11,0.0,-0.0,-125.00000000000001,0.0008166163134077162
9,0.5,-0.24999999999999994,1.9412749989867938e-19,12,0.0,-0.0,-120.00000000000001,0.000811486732812768
9,0.5,-0.24999999999999994,1.9412749989867938e-19,13,0.0,-0.0,-115.0,0.0008069465628503071
9,0.5,-0.24999999999999994,1.9412749989867938e-19,14,0.0,-0.0,-109.99999999999999,0.0008031501052580479
9,0.5,-0.24999999999999994,1.9412749989867938e-19,15,0.0,-0.0,-105.00000000000001,0.0008002137329519577
9,0.5,-0.24999999999999994,1.9412749989867938e-19,16,0.0,-0.0,-100.0,0.0007982138745517043
9,0.5,-0.24999999999999994,1.9412749989867938e-19,17,0.0,-0.0,-95.0,0.0007971883670194202
9,0.5,-0.24999999999999994,1.9412749989867938e-19,18,0.0,-0.0,-89.99999999999999,0.0007971384094627462
9,0.5,-0.24999999999999994,1.9412749989867938e-19,19,0.0,-0.0,-85.0,0.0007980349884688511
9,0.5,-0.24999999999999994,1.9412749989867938e-19,20,0.0,-0.0,-80.0,0.0007998231908574775
9,0.5,-0.24999999999999994,1.9412749989867938e-19,21,0.0,-0.0,-75.0,0.0008024267674834022
9,0.5,-0.24999999999999994,1.9412749989867938e-19,22,0.0,-0.0,-70.0,0.0008057528118023337
9,0.5,-0.24999999999999994,1.9412749989867938e-19,23,0.0,-0.0,-65.0,0.0008096949853029505
9,0.5,-0.24999999999999994,1.9412749989867938e-19,24,0.0,-0.0,-60.00000000000001,0.0008141373419064729
9,0.5,-0.24999999999999994,1.9412749989867938e-19,25,0.0,-0.0,-55.00000000000002,0.000818955913914439
9,0.5,-0.24999999999999994,1.9412749989867938e-19,26,0.0,-0.0,-49.99999999999999,0.0008240207070252739
9,0.5,-0.24999999999999994,1.9412749989867938e-19,27,0.0,-0.0,-45.00000000000001,0.0008291982483407441
9,0.5,-0.24999999999999994,1.9412749989867938e-19,28,0.0,-0.0,-40.000000000000014,0.0008343524749265183
9,0.5,-0.24999999999999994,1.9412749989867938e-19,29,0.0,-0.0,-35.000000000000014,0.0008393469117865546
9,0.5,-0.24999999999999994,1.9412749989867938e-19,30,0.0,-0.0,-29.999999999999993,0.0008440475621483225
9,0.5,-0.24999999999999994,1.9412749989867938e-19,31,0.0,-0.0,-24.999999999999996,0.000848325124544565
9,0.5,-0.24999999999999994,1.9412749989867938e-19,32,0.0,-0.0,-20.0,0.0008520597504883415
9,0.5,-0.24999999999999994,1.9412749989867938e-19,33,0.0,-0.0,-15.000000000000009,0.0008551440350426691
9,0.5,-0.24999999999999994,1.9412749989867938e-19,34,0.0,-0.0,-10.000000000000014,0.0008574861238494352
9,0.5,-0.24999999999999994,1.9412749989867938e-19,35,0.0,-0.0,-4.999999999999995,0.0008590118196261399
9,0.5,-0.24999999999999994,1.9412749989867938e-19,36,0.0,-0.0,0.0,0.0008596657771386581
9,0.5,-0.24999999999999994,1.9412749989867938e-19,37,0.0,-0.0,4.999999999999995,0.0008594119221067632
9,0.5,-0.24999999999999994,1.9412749989867938e-19,38,0.0,-0.0,9.999999999999988,0.0008582347971173468
9,0.5,-0.24999999999999994,1.9412749989867938e-19,39,0.0,-0.0,15.000000000000009,0.0008561419351322009
9,0.5,-0.24999999999999994,1.9412749989867938e-19,40,0.0,-0.0,20.0,0.0008531671577451535
9,0.5,-0.24999999999999994,1.9412749989867938e-19,41,0.0,-0.0,24.999999999999996,0.0008493742398103836
9,0.5,-0.24999999999999994,1.9412749989867938e-19,42,0.0,-0.0,29.999999999999993,0.0008448592463372048
9,0.5,-0.24999999999999994,1.9412749989867938e-19,43,0.0,-0.0,34.99999999999999,0.0008397516792269704
9,0.5,-0.24999999999999994,1.9412749989867938e-19,44,0.0,-0.0,40.000000000000014,0.0008342136976384091
9,0.5,-0.24999999999999994,1.9412749989867938e-19,45,0.0,-0.0,45.00000000000001,0.0008284356136268162
9,0.5,-0.24999999999999994,1.9412749989867938e-19,46,0.0,-0.0,49.99999999999999,0.0008226279862427138
9,0.5,-0.24999999999999994,1.9412749989867938e-19,47,0.0,-0.0,54.99999999999999,0.000817009961297048
9,0.5,-0.24999999999999994,1.9412749989867938e-19,48,0.0,-0.0,59.999999999999986,0.0008117958005099035
9,0.5,-0.24999999999999994,1.9412749989867938e-19,49,0.0,-0.0,64.99999999999997,0.00080718041920708
9,0.5,-0.24999999999999994,1.9412749989867938e-19,50,0.0,-0.0,69.99999999999997,0.0008033266960596481
9,0.5,-0.24999999999999994,1.9412749989867938e-19,51,0.0,-0.0,75.00000000000001,0.0008003571730621369
9,0.5,-0.24999999999999994,1.9412749989867938e-19,52,0.0,-0.0,80.00000000000001,0.0007983509427869086
9,0.5,-0.24999999999999994,1.9412749989867938e-19,53,0.0,-0.0,85.0,0.0007973454601301828
9,0.5,-0.24999999999999994,1.9412749989867938e-19,54,0.0,-0.0,89.99999999999999,0.00079733935390061
9,0.5,-0.24999999999999994,1.9412749989867938e-19,55,0.0,-0.0,95.0,0.00079829891576167
9,0.5,-0.24999999999999994,1.9412749989867938e-19,56,0.0,-0.0,99.99999999999997,0.000800163960927764
9,0.5,-0.24999999999999994,1.9412749989867938e-19,57,0.0,-0.0,104.99999999999999,0.0008028520008528815
9,0.5,-0.24999999999999994,1.9412749989867938e-19,58,0.0,-0.0,109.99999999999997,0.0008062642052508316
9,0.5,-0.24999999999999994,1.9412749989867938e-19,59,0.0,-0.0,114.99999999999997,0.0008102885812728286
9,0.5,-0.24999999999999994,1.9412749989867938e-19,60,0.0,-0.0,120.00000000000001,0.0008148031611243799
9,0.5,-0.24999999999999994,1.9412749989867938e-19,61,0.0,-0.0,125.00000000000001,0.0008196792389829522
9,0.5,-0.24999999999999994,1.9412749989867938e-19,62,0.0,-0.0,130.0,0.0008247824966505407
9,0.5,-0.24999999999999994,1.9412749989867938e-19,63,0.0,-0.0,135.0,0.0008299756407139333
9,0.5,-0.24999999999999994,1.9412749989867938e-19,64,0.0,-0.0,140.0,0.0008351201013675304
9,0.5,-0.24999999999999994,1.9412749989867938e-19,65,0.0,-0.0,145.0,0.0008400775489077911
9,0.5,-0.24999999999999994,1.9412749989867938e-19,66,0.0,-0.0,149.99999999999997,0.0008447140687606122
9,0.5,-0.24999999999999994,1.9412749989867938e-19,67,0.0,-0.0,154.99999999999997,0.0008489021322274664
9,0.5,-0.24999999999999994,1.9412749989867938e-19,68,0.0,-0.0,159.99999999999997,0.0008525250983974545
9,0.5,-0.24999999999999994,1.9412749989867938e-19,69,0.0,-0.0,165.00000000000003,0.0008554808366647872
9,0.5,-0.24999999999999994,1.9412749989867938e-19,70,0.0,-0.0,170.0,0.000857683670912457
9,0.5,-0.24999999999999994,1.9412749989867938e-19,71,0.0,-0.0,175.0,0.0008590658207623051
10,-0.5,0.0,0.0,0,0.0,-0.0,-180.0,0.0008223551099889501
10,-0.5,0.0,0.0,1,0.0,-0.0,-175.0,0.0008256010786168156
10,-0.5,0.0,0.0,2,0.0,-0.0,-170.0,0.0008279536080830359
10,-0.5,0.0,0.0,3,0.0,-0.0,-165.0,0.0008293503891638321
10,-0.5,0.0,0.0,4,0.0,-0.0,-160.0,0.0008297556500034024
10,-0.5,0.0,0.0,5,0.0,-0.0,-155.0,0.0008291592794718429
10,-0.5,0.0,0.0,6,0.0,-0.0,-150.0,0.0008275763311247475
10,-0.5,0.0,0.0,7,0.0,-0.0,-145.0,0.0008250476495957098
10,-0.5,0.0,0.0,8,0.0,-0.0,-140.0,0.0008216406686993677
10,-0.5,0.0,0.0,9,0.0,-0.0,-135.0,0.0008174504278663187
10,-0.5,0.0,0.0,10,0.0,-0.0,-130.0,0.0008125996149737802
10,-0.5,0.0,0.0,11,0.0,-0.0,-125.00000000000001,0.0008072370144940371
10,-0.5,0.0,0.0,12,0.0,-0.0,-120.00000000000001,0.0008015329805323387
10,-0.5,0.0,0.0,13,0.0,-0.0,-115.0,0.0007956726467915282
10,-0.5,0.0,0.0,14,0.0,-0.0,-109.99999999999999,0.0007898467452432663
10,-0.5,0.0,0.0,15,0.0,-0.0,-105.00000000000001,0.0007842429911039614
10,-0.5,0.0,0.0,16,0.0,-0.0,-100.0,0.0007790372327135357
10,-0.5,0.0,0.0,17,0.0,-0.0,-95.0,0.0007743879902400125
10,-0.5,0.0,0.0,18,0.0,-0.0,-89.99999999999999,0.0007704319924737031
10,-0.5,0.0,0.0,19,0.0,-0.0,-85.0,0.0007672819630992862
10,-0.5,0.0,0.0,20,0.0,-0.0,-80.0,0.0007650251362201581
10,-0.5,0.0,0.0,21,0.0,-0.0,-75.0,0.0007637228020974942
10,-0.5,0.0,0.0,22,0.0,-0.0,-70.0,0.0007634097692196857
10,-0.5,0.0,0.0,23,0.0,-0.0,-65.0,0.0007640943981614121
10,-0.5,0.0,0.0,24,0.0,-0.0,-60.00000000000001,0.0007657583972339593
10,-0.5,0.0,0.0,25,0.0,-0.0,-55.00000000000002,0.0007683571113829547
10,-0.5,0.0,0.0,26,0.0,-0.0,-49.99999999999999,0.0007718195144015518
10,-0.5,0.0,0.0,27,0.0,-0.0,-45.00000000000001,0.0007760486876897737
10,-0.5,0.0,0.0,28,0.0,-0.0,-40.000000000000014,0.000780922852856477
10,-0.5,0.0,0.0,29,0.0,-0.0,-35.000000000000014,0.0007862967388216196
10,-0.5,0.0,0.0,30,0.0,-0.0,-29.999999999999993,0.0007920047314950017
10,-0.5,0.0,0.0,31,0.0,-0.0,-24.999999999999996,0.0007978657861970721
10,-0.5,0.0,0.0,32,0.0,-0.0,-20.0,0.0008036900082083619
10,-0.5,0.0,0.0,33,0.0,-0.0,-15.000000000000009,0.0008092876943152304
10,-0.5,0.0,0.0,34,0.0,-0.0,-10.000000000000014,0.0008144781756142664
10,-0.5,0.0,0.0,35,0.0,-0.0,-4.999999999999995,0.0008190985327512872
10,-0.5,0.0,0.0,36,0.0,-0.0,0.0,0.0008230094025018722
10,-0.5,0.0,0.0,37,0.0,-0.0,4.999999999999995,0.0008260982221377423
10,-0.5,0.0,0.0,38,0.0,-0.0,9.999999999999988,0.0008282804240267518
10,-0.5,0.0,0.0,39,0.0,-0.0,15.000000000000009,0.0008294985970823463
10,-0.5,0.0,0.0,40,0.0,-0.0,20.0,0.0008297216013542208
10,-0.5,0.0,0.0,41,0.0,-0.0,24.999999999999996,0.0008289437453394843
10,-0.5,0.0,0.0,42,0.0,-0.0,29.999999999999993,0.0008271847127580696
10,-0.5,0.0,0.0,43,0.0,-0.0,34.99999999999999,0.000824490049003986
10,-0.5,0.0,0.0,44,0.0,-0.0,40.000000000000014,0.0008209321888423127
10,-0.5,0.0,0.0,45,0.0,-0.0,45.00000000000001,0.0008166111062174987
10,-0.5,0.0,0.0,46,0.0,-0.0,49.99999999999999,0.0008116537998028317
10,-0.5,0.0,0.0,47,0.0,-0.0,54.99999999999999,0.0008062117911491153
10,-0.5,0.0,0.0,48,0.0,-0.0,59.999999999999986,0.0008004562316645892
10,-0.5,0.0,0.0,49,0.0,-0.0,64.99999999999997,0.0007945705326974928
10,-0.5,0.0,0.0,50,0.0,-0.0,69.99999999999997,0.0007887418537053856
10,-0.5,0.0,0.0,51,0.0,-0.0,75.00000000000001,0.0007831524399333585
10,-0.5,0.0,0.0,52,0.0,-0.0,80.00000000000001,0.000777972581461533
10,-0.5,0.0,0.0,53,0.0,-0.0,85.0,0.0007733550483623575
10,-0.5,0.0,0.0,54,0.0,-0.0,89.99999999999999,0.0007694315563884898
10,-0.5,0.0,0.0,55,0.0,-0.0,95.0,0.0007663104828578076
10,-0.5,0.0,0.0,56,0.0,-0.0,99.99999999999997,0.0007640760243009558
10,-0.5,0.0,0.0,57,0.0,-0.0,104.99999999999999,0.0007627871522357708
10,-0.5,0.0,0.0,58,0.0,-0.0,109.99999999999997,0.0007624774192472333
10,-0.5,0.0,0.0,59,0.0,-0.0,114.99999999999997,0.0007631548412318239
10,-0.5,0.0,0.0,60,0.0,-0.0,120.00000000000001,0.0007648019320433924
10,-0.5,0.0,0.0,61,0.0,-0.0,125.00000000000001,0.0007673754197952916
10,-0.5,0.0,0.0,62,0.0,-0.0,130.0,0.0007708071486992488
10,-0.5,0.0,0.0,63,0.0,-0.0,135.0,0.0007750036128641844
10,-0.5,0.0,0.0,64,0.0,-0.0,140.0,0.0007798475741871726
10,-0.5,0.0,0.0,65,0.0,-0.0,145.0,0.0007851991587564655
10,-0.5,0.0,0.0,66,0.0,-0.0,149.99999999999997,0.0007908985518410603
10,-0.5,0.0,0.0,67,0.0,-0.0,154.99999999999997,0.0007967702741869202
10,-0.5,0.0,0.0,68,0.0,-0.0,159.99999999999997,0.0008026292891657878
10,-0.5,0.0,0.0,69,0.0,-0.0,165.00000000000003,0.0008082888141177177
10,-0.5,0.0,0.0,70,0.0,-0.0,170.0,0.0008135690618396435
10,-0.5,0.0,0.0,71,0.0,-0.0,175.0,0.000818305387320809
11,-0.25,0.0,0.0,0,0.0,-0.0,-180.0,0.0005375543878204072
11,-0.25,0.0,0.0,1,0.0,-0.0,-175.0,0.000539351845993933
11,-0.25,0.0,0.0,2,0.0,-0.0,-170.0,0.0005406588756849044
11,-0.25,0.0,0.0,3,0.0,-0.0,-165.0,0.0005414353938697353
11,-0.25,0.0,0.0,4,0.0,-0.0,-160.0,0.000541658040457146
11,-0.25,0.0,0.0,5,0.0,-0.0,-155.0,0.0005413204302050081
11,-0.25,0.0,0.0,6,0.0,-0.0,-150.0,0.0005404335480896929
11,-0.25,0.0,0.0,7,0.0,-0.0,-145.0,0.0005390253817740599
11,-0.25,0.0,0.0,8,0.0,-0.0,-140.0,0.0005371401952131976
11,-0.25,0.0,0.0,9,0.0,-0.0,-135.0,0.0005348380370030232
11,-0.25,0.0,0.0,10,0.0,-0.0,-130.0,0.0005321929716435223
11,-0.25,0.0,0.0,11,0.0,-0.0,-125.00000000000001,0.0005292908025068356
11,-0.25,0.0,0.0,12,0.0,-0.0,-120.00000000000001,0.0005262260712361764
11,-0.25,0.0,0.0,13,0.0,-0.0,-115.0,0.0005230981798107095
11,-0.25,0.0,0.0,14,0.0,-0.0,-109.99999999999999,0.0005200067827686369
11,-0.25,0.0,0.0,15,0.0,-0.0,-105.00000000000001,0.000517048016545625
11,-0.25,0.0,0.0,16,0.0,-0.0,-100.0,0.0005143107484287554
11,-0.25,0.0,0.0,17,0.0,-0.0,-95.0,0.0005118743513241885
11,-0.25,0.0,0.0,18,0.0,-0.0,-89.99999999999999,0.0005098067640735755
11,-0.25,0.0,0.0,19,0.0,-0.0,-85.0,0.0005081638588287598
11,-0.25,0.0,0.0,20,0.0,-0.0,-80.0,0.0005069884764603858
11,-0.25,0.0,0.0,21,0.0,-0.0,-75.0,0.000506310800120513
11,-0.25,0.0,0.0,22,0.0,-0.0,-70.0,0.0005061479999066926
11,-0.25,0.0,0.0,23,0.0,-0.0,-65.0,0.0005065041303968718
11,-0.25,0.0,0.0,24,0.0,-0.0,-60.00000000000001,0.0005073702110435337
11,-0.25,0.0,0.0,25,0.0,-0.0,-55.00000000000002,0.0005087242740484468
11,-0.25,0.0,0.0,26,0.0,-0.0,-49.99999999999999,0.0005105313692168987
11,-0.25,0.0,0.0,27,0.0,-0.0,-45.00000000000001,0.0005127438213893742
11,-0.25,0.0,0.0,28,0.0,-0.0,-40.000000000000014,0.0005153010453413827
11,-0.25,0.0,0.0,29,0.0,-0.0,-35.000000000000014,0.0005181308193403251
11,-0.25,0.0,0.0,30,0.0,-0.0,-29.999999999999993,0.0005211499017722554
11,-0.25,0.0,0.0,31,0.0,-0.0,-24.999999999999996,0.0005242665055575853
11,-0.25,0.0,0.0,32,0.0,-0.0,-20.0,0.000527382546360205
11,-0.25,0.0,0.0,33,0.0,-0.0,-15.000000000000009,0.0005303980610358773
11,-0.25,0.0,0.0,34,0.0,-0.0,-10.000000000000014,0.0005332149429782844
11,-0.25,0.0,0.0,35,0.0,-0.0,-4.999999999999995,0.0005357414890241847
11,-0.25,0.0,0.0,36,0.0,-0.0,0.0,0.0005378960134039452
11,-0.25,0.0,0.0,37,0.0,-0.0,4.999999999999995,0.000539609400157583
11,-0.25,0.0,0.0,38,0.0,-0.0,9.999999999999988,0.0005408273453632652
11,-0.25,0.0,0.0,39,0.0,-0.0,15.000000000000009,0.0005415116075543175
11,-0.25,0.0,0.0,40,0.0,-0.0,20.0,0.0005416405263788989
11,-0.25,0.0,0.0,41,0.0,-0.0,24.999999999999996,0.0005412095008780227
11,-0.25,0.0,0.0,42,0.0,-0.0,29.999999999999993,0.0005402313594901149
11,-0.25,0.0,0.0,43,0.0,-0.0,34.99999999999999,0.0005387357828104695
11,-0.25,0.0,0.0,44,0.0,-0.0,40.000000000000014,0.0005367687953848565
11,-0.25,0.0,0.0,45,0.0,-0.0,45.00000000000001,0.0005343918160250699
11,-0.25,0.0,0.0,46,0.0,-0.0,49.99999999999999,0.0005316801897645808
11,-0.25,0.0,0.0,47,0.0,-0.0,54.99999999999999,0.000528720382608796
11,-0.25,0.0,0.0,48,0.0,-0.0,59.999999999999986,0.0005256072332072745
11,-0.25,0.0,0.0,49,0.0,-0.0,64.99999999999997,0.000522439776706048
11,-0.25,0.0,0.0,50,0.0,-0.0,69.99999999999997,0.0005193169853899613
11,-0.25,0.0,0.0,51,0.0,-0.0,75.00000000000001,0.0005163337923641303
11,-0.25,0.0,0.0,52,0.0,-0.0,80.00000000000001,0.0005135781422585364
11,-0.25,0.0,0.0,53,0.0,-0.0,85.0,0.0005111281058581047
11,-0.25,0.0,0.0,54,0.0,-0.0,89.99999999999999,0.0005090507450157979
11,-0.25,0.0,0.0,55,0.0,-0.0,95.0,0.0005074010100318072
11,-0.25,0.0,0.0,56,0.0,-0.0,99.99999999999997,0.0005062213247354332
11,-0.25,0.0,0.0,57,0.0,-0.0,104.99999999999999,0.0005055413547641827
11,-0.25,0.0,0.0,58,0.0,-0.0,109.99999999999997,0.0005053780052385079
11,-0.25,0.0,0.0,59,0.0,-0.0,114.99999999999997,0.0005057352884228916
11,-0.25,0.0,0.0,60,0.0,-0.0,120.00000000000001,0.0005066044215687273
11,-0.25,0.0,0.0,61,0.0,-0.0,125.00000000000001,0.0005079636662149587
11,-0.25,0.0,0.0,62,0.0,-0.0,130.0,0.000509778621857532
11,-0.25,0.0,0.0,63,0.0,-0.0,135.0,0.0005120021667720994
11,-0.25,0.0,0.0,64,0.0,-0.0,140.0,0.0005145746694553164
11,-0.25,0.0,0.0,65,0.0,-0.0,145.0,0.0005174249862082255
11,-0.25,0.0,0.0,66,0.0,-0.0,149.99999999999997,0.0005204709782712113
11,-0.25,0.0,0.0,67,0.0,-0.0,154.99999999999997,0.0005236218306476313
11,-0.25,0.0,0.0,68,0.0,-0.0,159.99999999999997,0.00052678071023278
11,-0.25,0.0,0.0,69,0.0,-0.0,165.00000000000003,0.0005298480500202667
11,-0.25,0.0,0.0,70,0.0,-0.0,170.0,0.0005327259876452738
11,-0.25,0.0,0.0,71,0.0,-0.0,175.0,0.0005353222726107755
12,0.0,-0.0,0.0,0,0.0,-0.0,-180.0,0.0
12,0.0,-0.0,0.0,1,0.0,-0.0,-175.0,0.0
12,0.0,-0.0,0.0,2,0.0,-0.0,-170.0,0.0
12,0.0,-0.0,0.0,3,0.0,-0.0,-165.0,0.0
12,0.0,-0.0,0.0,4,0.0,-0.0,-160.0,0.0
12,0.0,-0.0,0.0,5,0.0,-0.0,-155.0,0.0
12,0.0,-0.0,0.0,6,0.0,-0.0,-150.0,0.0
12,0.0,-0.0,0.0,7,0.0,-0.0,-145.0,0.0
12,0.0,-0.0,0.0,8,0.0,-0.0,-140.0,0.0
12,0.0,-0.0,0.0,9,0.0,-0.0,-135.0,0.0
12,0.0,-0.0,0.0,10,0.0,-0.0,-130.0,0.0
12,0.0,-0.0,0.0,11,0.0,-0.0,-125.00000000000001,0.0
12,0.0,-0.0,0.0,12,0.0,-0.0,-120.00000000000001,0.0
12,0.0,-0.0,0.0,13,0.0,-0.0,-115.0,0.0
12,0.0,-0.0,0.0,14,0.0,-0.0,-109.99999999999999,0.0
12,0.0,-0.0,0.0,15,0.0,-0.0,-105.00000000000001,0.0
12,0.0,-0.0,0.0,16,0.0,-0.0,-100.0,0.0
12,0.0,-0.0,0.0,17,0.0,-0.0,-95.0,0.0
12,0.0,-0.0,0.0,18,0.0,-0.0,-89.99999999999999,0.0
12,0.0,-0.0,0.0,19,0.0,-0.0,-85.0,0.0
12,0.0,-0.0,0.0,20,0.0,-0.0,-80.0,0.0
12,0.0,-0.0,0.0,21,0.0,-0.0,-75.0,0.0
12,0.0,-0.0,0.0,22,0.0,-0.0,-70.0,0.0
12,0.0,-0.0,0.0,23,0.0,-0.0,-65.0,0.0
12,0.0,-0.0,0.0,24,0.0,-0.0,-60.00000000000001,0.0
12,0.0,-0.0,0.0,25,0.0,-0.0,-55.00000000000002,0.0
12,0.0,-0.0,0.0,26,0.0,-0.0,-49.99999999999999,0.0
12,0.0,-0.0,0.0,27,0.0,-0.0,-45.00000000000001,0.0
12,0.0,-0.0,0.0,28,0.0,-0.0,-40.000000000000014,0.0
12,0.0,-0.0,0.0,29,0.0,-0.0,-35.000000000000014,0.0
12,0.0,-0.0,0.0,30,0.0,-0.0,-29.999999999999993,0.0
12,0.0,-0.0,0.0,31,0.0,-0.0,-24.999999999999996,0.0
12,0.0,-0.0,0.0,32,0.0,-0.0,-20.0,0.0
12,0.0,-0.0,0.0,33,0.0,-0.0,-15.000000000000009,0.0
12,0.0,-0.0,0.0,34,0.0,-0.0,-10.000000000000014,0.0
12,0.0,-0.0,0.0,35,0.0,-0.0,-4.999999999999995,0.0
12,0.0,-0.0,0.0,36,0.0,-0.0,0.0,0.0
12,0.0,-0.0,0.0,37,0.0,-0.0,4.999999999999995,0.0
12,0.0,-0.0,0.0,38,0.0,-0.0,9.999999999999988,0.0
12,0.0,-0.0,0.0,39,0.0,-0.0,15.000000000000009,0.0
12,0.0,-0.0,0.0,40,0.0,-0.0,20.0,0.0
12,0.0,-0.0,0.0,41,0.0,-0.0,24.999999999999996,0.0
12,0.0,-0.0,0.0,42,0.0,-0.0,29.999999999999993,0.0
12,0.0,-0.0,0.0,43,0.0,-0.0,34.99999999999999,0.0
12,0.0,-0.0,0.0,44,0.0,-0.0,40.000000000000014,0.0
12,0.0,-0.0,0.0,45,0.0,-0.0,45.00000000000001,0.0
12,0.0,-0.0,0.0,46,0.0,-0.0,49.99999999999999,0.0
12,0.0,-0.0,0.0,47,0.0,-0.0,54.99999999999999,0.0
12,0.0,-0.0,0.0,48,0.0,-0.0,59.999999999999986,0.0
12,0.0,-0.0,0.0,49,0.0,-0.0,64.99999999999997,0.0
12,0.0,-0.0,0.0,50,0.0,-0.0,69.99999999999997,0.0
12,0.0,-0.0,0.0,51,0.0,-0.0,75.00000000000001,0.0
12,0.0,-0.0,0.0,52,0.0,-0.0,80.00000000000001,0.0
12,0.0,-0.0,0.0,53,0.0,-0.0,85.0,0.0
12,0.0,-0.0,0.0,54,0.0,-0.0,89.99999999999999,0.0
12,0.0,-0.0,0.0,55,0.0,-0.0,95.0,0.0
12,0.0,-0.0,0.0,56,0.0,-0.0,99.99999999999997,0.0
12,0.0,-0.0,0.0,57,0.0,-0.0,104.99999999999999,0.0
12,0.0,-0.0,0.0,58,0.0,-0.0,109.99999999999997,0.0
12,0.0,-0.0,0.0,59,0.0,-0.0,114.99999999999997,0.0
12,0.0,-0.0,0.0,60,0.0,-0.0,120.00000000000001,0.0
12,0.0,-0.0,0.0,61,0.0,-0.0,125.00000000000001,0.0
12,0.0,-0.0,0.0,62,0.0,-0.0,130.0,0.0
12,0.0,-0.0,0.0,63,0.0,-0.0,135.0,0.0
12,0.0,-0.0,0.0,64,0.0,-0.0,140.0,0.0
12,0.0,-0.0,0.0,65,0.0,-0.0,145.0,0.0
12,0.0,-0.0,0.0,66,0.0,-0.0,149.99999999999997,0.0
12,0.0,-0.0,0.0,67,0.0,-0.0,154.99999999999997,0.0
12,0.0,-0.0,0.0,68,0.0,-0.0,159.99999999999997,0.0
12,0.0,-0.0,0.0,69,0.0,-0.0,165.00000000000003,0.0
12,0.0,-0.0,0.0,70,0.0,-0.0,170.0,0.0
12,0.0,-0.0,0.0,71,0.0,-0.0,175.0,0.0
13,0.25000000000000006,-0.0,0.0,0,0.0,-0.0,-180.0,0.0005378960134039434
13,0.25000000000000006,-0.0,0.0,1,0.0,-0.0,-175.0,0.0005396094001575549
13,0.25000000000000006,-0.0,0.0,2,0.0,-0.0,-170.0,0.0005408273453632991
13,0.25000000000000006,-0.0,0.0,3,0.0,-0.0,-165.0,0.0005415116075543368
13,0.25000000000000006,-0.0,0.0,4,0.0,-0.0,-160.0,0.000541640526378902
13,0.25000000000000006,-0.0,0.0,5,0.0,-0.0,-155.0,0.0005412095008780178
13,0.25000000000000006,-0.0,0.0,6,0.0,-0.0,-150.0,0.0005402313594901153
13,0.25000000000000006,-0.0,0.0,7,0.0,-0.0,-145.0,0.0005387357828104948
13,0.25000000000000006,-0.0,0.0,8,0.0,-0.0,-140.0,0.000536768795384846
13,0.25000000000000006,-0.0,0.0,9,0.0,-0.0,-135.0,0.0005343918160250819
13,0.25000000000000006,-0.0,0.0,10,0.0,-0.0,-130.0,0.0005316801897645868
13,0.25000000000000006,-0.0,0.0,11,0.0,-0.0,-125.00000000000001,0.0005287203826087506
13,0.25000000000000006,-0.0,0.0,12,0.0,-0.0,-120.00000000000001,0.0005256072332072792
13,0.25000000000000006,-0.0,0.0,13,0.0,-0.0,-115.0,0.0005224397767060454
13,0.25000000000000006,-0.0,0.0,14,0.0,-0.0,-109.99999999999999,0.0005193169853899604
13,0.25000000000000006,-0.0,0.0,15,0.0,-0.0,-105.00000000000001,0.0005163337923640966
13,0.25000000000000006,-0.0,0.0,16,0.0,-0.0,-100.0,0.0005135781422585677
13,0.25000000000000006,-0.0,0.0,17,0.0,-0.0,-95.0,0.000511128105857946
13,0.25000000000000006,-0.0,0.0,18,0.0,-0.0,-89.99999999999999,0.0005090507450157988
13,0.25000000000000006,-0.0,0.0,19,0.0,-0.0,-85.0,0.0005074010100317772
13,0.25000000000000006,-0.0,0.0,20,0.0,-0.0,-80.0,0.0005062213247354231
13,0.25000000000000006,-0.0,0.0,21,0.0,-0.0,-75.0,0.0005055413547642019
13,0.25000000000000006,-0.0,0.0,22,0.0,-0.0,-70.0,0.0005053780052385241
13,0.25000000000000006,-0.0,0.0,23,0.0,-0.0,-65.0,0.0005057352884229304
13,0.25000000000000006,-0.0,0.0,24,0.0,-0.0,-60.00000000000001,0.0005066044215687168
13,0.25000000000000006,-0.0,0.0,25,0.0,-0.0,-55.00000000000002,0.000507963666214897
13,0.25000000000000006,-0.0,0.0,26,0.0,-0.0,-49.99999999999999,0.0005097786218575614
13,0.25000000000000006,-0.0,0.0,27,0.0,-0.0,-45.00000000000001,0.000512002166772079
13,0.25000000000000006,-0.0,0.0,28,0.0,-0.0,-40.000000000000014,0.0005145746694553297
13,0.25000000000000006,-0.0,0.0,29,0.0,-0.0,-35.000000000000014,0.0005174249862082523
13,0.25000000000000006,-0.0,0.0,30,0.0,-0.0,-29.999999999999993,0.000520470978271237
13,0.25000000000000006,-0.0,0.0,31,0.0,-0.0,-24.999999999999996,0.0005236218306476427
13,0.25000000000000006,-0.0,0.0,32,0.0,-0.0,-20.0,0.0005267807102327742
13,0.25000000000000006,-0.0,0.0,33,0.0,-0.0,-15.000000000000009,0.0005298480500202635
13,0.25000000000000006,-0.0,0.0,34,0.0,-0.0,-10.000000000000014,0.0005327259876452729
13,0.25000000000000006,-0.0,0.0,35,0.0,-0.0,-4.999999999999995,0.0005353222726107793
13,0.25000000000000006,-0.0,0.0,36,0.0,-0.0,0.0,0.0005375543878204088
13,0.25000000000000006,-0.0,0.0,37,0.0,-0.0,4.999999999999995,0.0005393518459939375
13,0.25000000000000006,-0.0,0.0,38,0.0,-0.0,9.999999999999988,0.0005406588756848455
13,0.25000000000000006,-0.0,0.0,39,0.0,-0.0,15.000000000000009,0.0005414353938697323
13,0.25000000000000006,-0.0,0.0,40,0.0,-0.0,20.0,0.0005416580404571818
13,0.25000000000000006,-0.0,0.0,41,0.0,-0.0,24.999999999999996,0.0005413204302049842
13,0.25000000000000006,-0.0,0.0,42,0.0,-0.0,29.999999999999993,0.0005404335480896975
13,0.25000000000000006,-0.0,0.0,43,0.0,-0.0,34.99999999999999,0.000539025381774032
13,0.25000000000000006,-0.0,0.0,44,0.0,-0.0,40.000000000000014,0.0005371401952132129
13,0.25000000000000006,-0.0,0.0,45,0.0,-0.0,45.00000000000001,0.0005348380370030161
13,0.25000000000000006,-0.0,0.0,46,0.0,-0.0,49.99999999999999,0.0005321929716435314
13,0.25000000000000006,-0.0,0.0,47,0.0,-0.0,54.99999999999999,0.0005292908025068402
13,0.25000000000000006,-0.0,0.0,48,0.0,-0.0,59.999999999999986,0.000526226071236209
13,0.25000000000000006,-0.0,0.0,49,0.0,-0.0,64.99999999999997,0.0005230981798107027
13,0.25000000000000006,-0.0,0.0,50,0.0,-0.0,69.99999999999997,0.0005200067827686289
13,0.25000000000000006,-0.0,0.0,51,0.0,-0.0,75.00000000000001,0.0005170480165456109
13,0.25000000000000006,-0.0,0.0,52,0.0,-0.0,80.00000000000001,0.0005143107484287845
13,0.25000000000000006,-0.0,0.0,53,0.0,-0.0,85.0,0.0005118743513242063
13,0.25000000000000006,-0.0,0.0,54,0.0,-0.0,89.99999999999999,0.000509806764073554
13,0.25000000000000006,-0.0,0.0,55,0.0,-0.0,95.0,0.0005081638588288052
13,0.25000000000000006,-0.0,0.0,56,0.0,-0.0,99.99999999999997,0.0005069884764603516
13,0.25000000000000006,-0.0,0.0,57,0.0,-0.0,104.99999999999999,0.0005063108001204993
13,0.25000000000000006,-0.0,0.0,58,0.0,-0.0,109.99999999999997,0.0005061479999066642
13,0.25000000000000006,-0.0,0.0,59,0.0,-0.0,114.99999999999997,0.0005065041303968332
13,0.25000000000000006,-0.0,0.0,60,0.0,-0.0,120.00000000000001,0.0005073702110435289
13,0.25000000000000006,-0.0,0.0,61,0.0,-0.0,125.00000000000001,0.0005087242740484253
13,0.25000000000000006,-0.0,0.0,62,0.0,-0.0,130.0,0.0005105313692169264
13,0.25000000000000006,-0.0,0.0,63,0.0,-0.0,135.0,0.0005127438213894044
13,0.25000000000000006,-0.0,0.0,64,0.0,-0.0,140.0,0.0005153010453413695
13,0.25000000000000006,-0.0,0.0,65,0.0,-0.0,145.0,0.0005181308193403625
13,0.25000000000000006,-0.0,0.0,66,0.0,-0.0,149.99999999999997,0.0005211499017722552
13,0.25000000000000006,-0.0,0.0,67,0.0,-0.0,154.99999999999997,0.0005242665055575768
13,0.25000000000000006,-0.0,0.0,68,0.0,-0.0,159.99999999999997,0.0005273825463602243
13,0.25000000000000006,-0.0,0.0,69,0.0,-0.0,165.00000000000003,0.000530398061035872
13,0.25000000000000006,-0.0,0.0,70,0.0,-0.0,170.0,0.0005332149429782283
13,0.25000000000000006,-0.0,0.0,71,0.0,-0.0,175.0,0.0005357414890241975
14,0.5,-0.0,0.0,0,0.0,-0.0,-180.0,0.0008230094025018725
14,0.5,-0.0,0.0,1,0.0,-0.0,-175.0,0.0008260982221377411
14,0.5,-0.0,0.0,2,0.0,-0.0,-170.0,0.0008282804240268071
14,0.5,-0.0,0.0,3,0.0,-0.0,-165.0,0.0008294985970823773
14,0.5,-0.0,0.0,4,0.0,-0.0,-160.0,0.0008297216013541876
14,0.5,-0.0,0.0,5,0.0,-0.0,-155.0,0.0008289437453395087
14,0.5,-0.0,0.0,6,0.0,-0.0,-150.0,0.0008271847127580686
14,0.5,-0.0,0.0,7,0.0,-0.0,-145.0,0.0008244900490039989
14,0.5,-0.0,0.0,8,0.0,-0.0,-140.0,0.0008209321888423157
14,0.5,-0.0,0.0,9,0.0,-0.0,-135.0,0.0008166111062175107
14,0.5,-0.0,0.0,10,0.0,-0.0,-130.0,0.0008116537998028483
14,0.5,-0.0,0.0,11,0.0,-0.0,-125.00000000000001,0.0008062117911490895
14,0.5,-0.0,0.0,12,0.0,-0.0,-120.00000000000001,0.0008004562316645838
14,0.5,-0.0,0.0,13,0.0,-0.0,-115.0,0.0007945705326974817
14,0.5,-0.0,0.0,14,0.0,-0.0,-109.99999999999999,0.0007887418537054177
14,0.5,-0.0,0.0,15,0.0,-0.0,-105.00000000000001,0.0007831524399333607
14,0.5,-0.0,0.0,16,0.0,-0.0,-100.0,0.0007779725814615304
14,0.5,-0.0,0.0,17,0.0,-0.0,-95.0,0.0007733550483623643
14,0.5,-0.0,0.0,18,0.0,-0.0,-89.99999999999999,0.0007694315563885229
14,0.5,-0.0,0.0,19,0.0,-0.0,-85.0,0.0007663104828577593
14,0.5,-0.0,0.0,20,0.0,-0.0,-80.0,0.0007640760243009662
14,0.5,-0.0,0.0,21,0.0,-0.0,-75.0,0.0007627871522357622
14,0.5,-0.0,0.0,22,0.0,-0.0,-70.0,0.0007624774192472217
14,0.5,-0.0,0.0,23,0.0,-0.0,-65.0,0.0007631548412318636
14,0.5,-0.0,0.0,24,0.0,-0.0,-60.00000000000001,0.000764801932043399
14,0.5,-0.0,0.0,25,0.0,-0.0,-55.00000000000002,0.0007673754197953125
14,0.5,-0.0,0.0,26,0.0,-0.0,-49.99999999999999,0.0007708071486992883
14,0.5,-0.0,0.0,27,0.0,-0.0,-45.00000000000001,0.0007750036128641687
14,0.5,-0.0,0.0,28,0.0,-0.0,-40.000000000000014,0.0007798475741872075
14,0.5,-0.0,0.0,29,0.0,-0.0,-35.000000000000014,0.0007851991587564295
14,0.5,-0.0,0.0,30,0.0,-0.0,-29.999999999999993,0.0007908985518410849
14,0.5,-0.0,0.0,31,0.0,-0.0,-24.999999999999996,0.0007967702741869205
14,0.5,-0.0,0.0,32,0.0,-0.0,-20.0,0.0008026292891657535
14,0.5,-0.0,0.0,33,0.0,-0.0,-15.000000000000009,0.0008082888141177409
14,0.5,-0.0,0.0,34,0.0,-0.0,-10.000000000000014,0.000813569061839628
14,0.5,-0.0,0.0,35,0.0,-0.0,-4.999999999999995,0.0008183053873208325
14,0.5,-0.0,0.0,36,0.0,-0.0,0.0,0.0008223551099889764
14,0.5,-0.0,0.0,37,0.0,-0.0,4.999999999999995,0.0008256010786168249
14,0.5,-0.0,0.0,38,0.0,-0.0,9.999999999999988,0.0008279536080829997
14,0.5,-0.0,0.0,39,0.0,-0.0,15.000000000000009,0.000829350389163845
14,0.5,-0.0,0.0,40,0.0,-0.0,20.0,0.0008297556500034019
14,0.5,-0.0,0.0,41,0.0,-0.0,24.999999999999996,0.0008291592794718111
14,0.5,-0.0,0.0,42,0.0,-0.0,29.999999999999993,0.000827576331124742
14,0.5,-0.0,0.0,43,0.0,-0.0,34.99999999999999,0.0008250476495956836
14,0.5,-0.0,0.0,44,0.0,-0.0,40.000000000000014,0.0008216406686993601
14,0.5,-0.0,0.0,45,0.0,-0.0,45.00000000000001,0.0008174504278662823
14,0.5,-0.0,0.0,46,0.0,-0.0,49.99999999999999,0.0008125996149737625
14,0.5,-0.0,0.0,47,0.0,-0.0,54.99999999999999,0.0008072370144940543
14,0.5,-0.0,0.0,48,0.0,-0.0,59.999999999999986,0.0008015329805323423
14,0.5,-0.0,0.0,49,0.0,-0.0,64.99999999999997,0.0007956726467915187
14,0.5,-0.0,0.0,50,0.0,-0.0,69.99999999999997,0.0007898467452432627
14,0.5,-0.0,0.0,51,0.0,-0.0,75.00000000000001,0.000784242991103974
14,0.5,-0.0,0.0,52,0.0,-0.0,80.00000000000001,0.000779037232713532
14,0.5,-0.0,0.0,53,0.0,-0.0,85.0,0.0007743879902400223
14,0.5,-0.0,0.0,54,0.0,-0.0,89.99999999999999,0.0007704319924736831
14,0.5,-0.0,0.0,55,0.0,-0.0,95.0,0.0007672819630993391
14,0.5,-0.0,0.0,56,0.0,-0.0,99.99999999999997,0.0007650251362201762
14,0.5,-0.0,0.0,57,0.0,-0.0,104.99999999999999,0.0007637228020974902
14,0.5,-0.0,0.0,58,0.0,-0.0,109.99999999999997,0.0007634097692196833
14,0.5,-0.0,0.0,59,0.0,-0.0,114.99999999999997,0.0007640943981613641
14,0.5,-0.0,0.0,60,0.0,-0.0,120.00000000000001,0.0007657583972339894
14,0.5,-0.0,0.0,61,0.0,-0.0,125.00000000000001,0.0007683571113829405
14,0.5,-0.0,0.0,62,0.0,-0.0,130.0,0.0007718195144015385
14,0.5,-0.0,0.0,63,0.0,-0.0,135.0,0.0007760486876897939
14,0.5,-0.0,0.0,64,0.0,-0.0,140.0,0.0007809228528564518
14,0.5,-0.0,0.0,65,0.0,-0.0,145.0,0.0007862967388215828
14,0.5,-0.0,0.0,66,0.0,-0.0,149.99999999999997,0.0007920047314949503
14,0.5,-0.0,0.0,67,0.0,-0.0,154.99999999999997,0.0007978657861970162
14,0.5,-0.0,0.0,68,0.0,-0.0,159.99999999999997,0.0008036900082083651
14,0.5,-0.0,0.0,69,0.0,-0.0,165.00000000000003,0.0008092876943152469
14,0.5,-0.0,0.0,70,0.0,-0.0,170.0,0.0008144781756142616
14,0.5,-0.0,0.0,71,0.0,-0.0,175.0,0.0008190985327512767
15,-0.5,0.25,1.9412749989867938e-19,0,0.0,-0.0,-180.0,0.0008596657771386503
15,-0.5,0.25,1.9412749989867938e-19,1,0.0,-0.0,-175.0,0.0008594119221067578
15,-0.5,0.25,1.9412749989867938e-19,2,0.0,-0.0,-170.0,0.000858234797117362
15,-0.5,0.25,1.9412749989867938e-19,3,0.0,-0.0,-165.0,0.0008561419351322366
15,-0.5,0.25,1.9412749989867938e-19,4,0.0,-0.0,-160.0,0.0008531671577451584
15,-0.5,0.25,1.9412749989867938e-19,5,0.0,-0.0,-155.0,0.0008493742398104239
15,-0.5,0.25,1.9412749989867938e-19,6,0.0,-0.0,-150.0,0.0008448592463371993
15,-0.5,0.25,1.9412749989867938e-19,7,0.0,-0.0,-145.0,0.000839751679227005
15,-0.5,0.25,1.9412749989867938e-19,8,0.0,-0.0,-140.0,0.0008342136976384294
15,-0.5,0.25,1.9412749989867938e-19,9,0.0,-0.0,-135.0,0.0008284356136268582
15,-0.5,0.25,1.9412749989867938e-19,10,0.0,-0.0,-130.0,0.0008226279862427046
15,-0.5,0.25,1.9412749989867938e-19,11,0.0,-0.0,-125.00000000000001,0.0008170099612970145
15,-0.5,0.25,1.9412749989867938e-19,12,0.0,-0.0,-120.00000000000001,0.0008117958005099042
15,-0.5,0.25,1.9412749989867938e-19,13,0.0,-0.0,-115.0,0.0008071804192070429
15,-0.5,0.25,1.9412749989867938e-19,14,0.0,-0.0,-109.99999999999999,0.0008033266960596399
15,-0.5,0.25,1.9412749989867938e-19,15,0.0,-0.0,-105.00000000000001,0.0008003571730621185
15,-0.5,0.25,1.9412749989867938e-19,16,0.0,-0.0,-100.0,0.0007983509427868954
15,-0.5,0.25,1.9412749989867938e-19,17,0.0,-0.0,-95.0,0.0007973454601302585
15,-0.5,0.25,1.9412749989867938e-19,18,0.0,-0.0,-89.99999999999999,0.0007973393539006029
15,-0.5,0.25,1.9412749989867938e-19,19,0.0,-0.0,-85.0,0.0007982989157616133
15,-0.5,0.25,1.9412749989867938e-19,20,0.0,-0.0,-80.0,0.0008001639609277524
15,-0.5,0.25,1.9412749989867938e-19,21,0.0,-0.0,-75.0,0.0008028520008528751
15,-0.5,0.25,1.9412749989867938e-19,22,0.0,-0.0,-70.0,0.0008062642052508186
15,-0.5,0.25,1.9412749989867938e-19,23,0.0,-0.0,-65.0,0.0008102885812728975
15,-0.5,0.25,1.9412749989867938e-19,24,0.0,-0.0,-60.00000000000001,0.000814803161124384
15,-0.5,0.25,1.9412749989867938e-19,25,0.0,-0.0,-55.00000000000002,0.0008196792389829386
15,-0.5,0.25,1.9412749989867938e-19,26,0.0,-0.0,-49.99999999999999,0.0008247824966505268
15,-0.5,0.25,1.9412749989867938e-19,27,0.0,-0.0,-45.00000000000001,0.000829975640713911
15,-0.5,0.25,1.9412749989867938e-19,28,0.0,-0.0,-40.000000000000014,0.0008351201013675181
15,-0.5,0.25,1.9412749989867938e-19,29,0.0,-0.0,-35.000000000000014,0.0008400775489078013
15,-0.5,0.25,1.9412749989867938e-19,30,0.0,-0.0,-29.999999999999993,0.0008447140687606419
15,-0.5,0.25,1.9412749989867938e-19,31,0.0,-0.0,-24.999999999999996,0.000848902132227506
15,-0.5,0.25,1.9412749989867938e-19,32,0.0,-0.0,-20.0,0.0008525250983974467
15,-0.5,0.25,1.9412749989867938e-19,33,0.0,-0.0,-15.000000000000009,0.000855480836664796
15,-0.5,0.25,1.9412749989867938e-19,34,0.0,-0.0,-10.000000000000014,0.0008576836709124824
15,-0.5,0.25,1.9412749989867938e-19,35,0.0,-0.0,-4.999999999999995,0.000859065820762299
15,-0.5,0.25,1.9412749989867938e-19,36,0.0,-0.0,0.0,0.0008595780046273708
15,-0.5,0.25,1.9412749989867938e-19,37,0.0,-0.0,4.999999999999995,0.0008591897219671992
15,-0.5,0.25,1.9412749989867938e-19,38,0.0,-0.0,9.999999999999988,0.0008578904692642612
15,-0.5,0.25,1.9412749989867938e-19,39,0.0,-0.0,15.000000000000009,0.000855692222419133
15,-0.5,0.25,1.9412749989867938e-19,40,0.0,-0.0,20.0,0.0008526331005353527
15,-0.5,0.25,1.9412749989867938e-19,41,0.0,-0.0,24.999999999999996,0.0008487805810924226
15,-0.5,0.25,1.9412749989867938e-19,42,0.0,-0.0,29.999999999999993,0.0008442336187647961
15,-0.5,0.25,1.9412749989867938e-19,43,0.0,-0.0,34.99999999999999,0.0008391234994080182
15,-0.5,0.25,1.9412749989867938e-19,44,0.0,-0.0,40.000000000000014,0.0008336120301581482
15,-0.5,0.25,1.9412749989867938e-19,45,0.0,-0.0,45.00000000000001,0.0008278861594009722
15,-0.5,0.25,1.9412749989867938e-19,46,0.0,-0.0,49.99999999999999,0.0008221506902592728
15,-0.5,0.25,1.9412749989867938e-19,47,0.0,-0.0,54.99999999999999,0.0008166163134077339
15,-0.5,0.25,1.9412749989867938e-19,48,0.0,-0.0,59.999999999999986,0.0008114867328127798
15,-0.5,0.25,1.9412749989867938e-19,49,0.0,-0.0,64.99999999999997,0.000806946562850319
15,-0.5,0.25,1.9412749989867938e-19,50,0.0,-0.0,69.99999999999997,0.000803150105258036
15,-0.5,0.25,1.9412749989867938e-19,51,0.0,-0.0,75.00000000000001,0.000800213732951948
15,-0.5,0.25,1.9412749989867938e-19,52,0.0,-0.0,80.00000000000001,0.0007982138745516921
15,-0.5,0.25,1.9412749989867938e-19,53,0.0,-0.0,85.0,0.0007971883670194171
15,-0.5,0.25,1.9412749989867938e-19,54,0.0,-0.0,89.99999999999999,0.0007971384094627253
15,-0.5,0.25,1.9412749989867938e-19,55,0.0,-0.0,95.0,0.0007980349884688992
15,-0.5,0.25,1.9412749989867938e-19,56,0.0,-0.0,99.99999999999997,0.0007998231908574187
15,-0.5,0.25,1.9412749989867938e-19,57,0.0,-0.0,104.99999999999999,0.0008024267674834114
15,-0.5,0.25,1.9412749989867938e-19,58,0.0,-0.0,109.99999999999997,0.000805752811802311
15,-0.5,0.25,1.9412749989867938e-19,59,0.0,-0.0,114.99999999999997,0.0008096949853029212
15,-0.5,0.25,1.9412749989867938e-19,60,0.0,-0.0,120.00000000000001,0.0008141373419064566
15,-0.5,0.25,1.9412749989867938e-19,61,0.0,-0.0,125.00000000000001,0.0008189559139144192
15,-0.5,0.25,1.9412749989867938e-19,62,0.0,-0.0,130.0,0.0008240207070252618
15,-0.5,0.25,1.9412749989867938e-19,63,0.0,-0.0,135.0,0.0008291982483407628
15,-0.5,0.25,1.9412749989867938e-19,64,0.0,-0.0,140.0,0.0008343524749265211
15,-0.5,0.25,1.9412749989867938e-19,65,0.0,-0.0,145.0,0.0008393469117865609
15,-0.5,0.25,1.9412749989867938e-19,66,0.0,-0.0,149.99999999999997,0.0008440475621482761
15,-0.5,0.25,1.9412749989867938e-19,67,0.0,-0.0,154.99999999999997,0.0008483251245445433
15,-0.5,0.25,1.9412749989867938e-19,68,0.0,-0.0,159.99999999999997,0.0008520597504883785
15,-0.5,0.25,1.9412749989867938e-19,69,0.0,-0.0,165.00000000000003,0.0008551440350426672
15,-0.5,0.25,1.9412749989867938e-19,70,0.0,-0.0,170.0,0.0008574861238494145
15,-0.5,0.25,1.9412749989867938e-19,71,0.0,-0.0,175.0,0.000859011819626103
16,-0.25,0.25000000000000006,-9.706374994933969e-20,0,0.0,-0.0,-180.0,0.0006603029578720505
16,-0.25,0.25000000000000006,-9.706374994933969e-20,1,0.0,-0.0,-175.0,0.0006581180615534223
16,-0.25,0.25000000000000006,-9.706374994933969e-20,2,0.0,-0.0,-170.0,0.0006554917462566073
16,-0.25,0.25000000000000006,-9.706374994933969e-20,3,0.0,-0.0,-165.0,0.0006524994855193266
16,-0.25,0.25000000000000006,-9.706374994933969e-20,4,0.0,-0.0,-160.0,0.000649230391659825
16,-0.25,0.25000000000000006,-9.706374994933969e-20,5,0.0,-0.0,-155.0,0.0006457858084897396
16,-0.25,0.25000000000000006,-9.706374994933969e-20,6,0.0,-0.0,-150.0,0.0006422766528648164
16,-0.25,0.25000000000000006,-9.706374994933969e-20,7,0.0,-0.0,-145.0,0.0006388210309936949
16,-0.25,0.25000000000000006,-9.706374994933969e-20,8,0.0,-0.0,-140.0,0.0006355396713548347
16,-0.25,0.25000000000000006,-9.706374994933969e-20,9,0.0,-0.0,-135.0,0.0006325508795482691
16,-0.25,0.25000000000000006,-9.706374994933969e-20,10,0.0,-0.0,-130.0,0.0006299642472524161
16,-0.25,0.25000000000000006,-9.706374994933969e-20,11,0.0,-0.0,-125.00000000000001,0.0006278734137800549
16,-0.25,0.25000000000000006,-9.706374994933969e-20,12,0.0,-0.0,-120.00000000000001,0.0006263508582384997
16,-0.25,0.25000000000000006,-9.706374994933969e-20,13,0.0,-0.0,-115.0,0.0006254425422463739
16,-0.25,0.25000000000000006,-9.706374994933969e-20,14,0.0,-0.0,-109.99999999999999,0.0006251664804005343
16,-0.25,0.25000000000000006,-9.706374994933969e-20,15,0.0,-0.0,-105.00000000000001,0.0006255141469169585
16,-0.25,0.25000000000000006,-9.706374994933969e-20,16,0.0,-0.0,-100.0,0.0006264538456408176
16,-0.25,0.25000000000000006,-9.706374994933969e-20,17,0.0,-0.0,-95.0,0.0006279351945090383
16,-0.25,0.25000000000000006,-9.706374994933969e-20,18,0.0,-0.0,-89.99999999999999,0.0006298951391308462
16,-0.25,0.25000000000000006,-9.706374994933969e-20,19,0.0,-0.0,-85.0,0.00063226098089869
16,-0.25,0.25000000000000006,-9.706374994933969e-20,20,0.0,-0.0,-80.0,0.0006349545794390375
16,-0.25,0.25000000000000006,-9.706374994933969e-20,21,0.0,-0.0,-75.0,0.0006378948615006603
16,-0.25,0.25000000000000006,-9.706374994933969e-20,22,0.0,-0.0,-70.0,0.000640999078289558
16,-0.25,0.25000000000000006,-9.706374994933969e-20,23,0.0,-0.0,-65.0,0.0006441842539473244
16,-0.25,0.25000000000000006,-9.706374994933969e-20,24,0.0,-0.0,-60.00000000000001,0.0006473674975888439
16,-0.25,0.25000000000000006,-9.706374994933969e-20,25,0.0,-0.0,-55.00000000000002,0.0006504667923546385
16,-0.25,0.25000000000000006,-9.706374994933969e-20,26,0.0,-0.0,-49.99999999999999,0.000653401082667727
16,-0.25,0.25000000000000006,-9.706374994933969e-20,27,0.0,-0.0,-45.00000000000001,0.0006560914302277094
16,-0.25,0.25000000000000006,-9.706374994933969e-20,28,0.0,-0.0,-40.000000000000014,0.0006584615507725706
16,-0.25,0.25000000000000006,-9.706374994933969e-20,29,0.0,-0.0,-35.000000000000014,0.000660440543448832
16,-0.25,0.25000000000000006,-9.706374994933969e-20,30,0.0,-0.0,-29.999999999999993,0.0006619647476143805
16,-0.25,0.25000000000000006,-9.706374994933969e-20,31,0.0,-0.0,-24.999999999999996,0.0006629809997636215
16,-0.25,0.25000000000000006,-9.706374994933969e-20,32,0.0,-0.0,-20.0,0.0006634500601953032
16,-0.25,0.25000000000000006,-9.706374994933969e-20,33,0.0,-0.0,-15.000000000000009,0.0006633485087839324
16,-0.25,0.25000000000000006,-9.706374994933969e-20,34,0.0,-0.0,-10.000000000000014,0.0006626710799656525
16,-0.25,0.25000000000000006,-9.706374994933969e-20,35,0.0,-0.0,-4.999999999999995,0.0006614301918528825
16,-0.25,0.25000000000000006,-9.706374994933969e-20,36,0.0,-0.0,0.0,0.0006596557222157996
16,-0.25,0.25000000000000006,-9.706374994933969e-20,37,0.0,-0.0,4.999999999999995,0.0006573941544692274
16,-0.25,0.25000000000000006,-9.706374994933969e-20,38,0.0,-0.0,9.999999999999988,0.0006547069675124588
16,-0.25,0.25000000000000006,-9.706374994933969e-20,39,0.0,-0.0,15.000000000000009,0.0006516698170839525
16,-0.25,0.25000000000000006,-9.706374994933969e-20,40,0.0,-0.0,20.0,0.0006483711808445129
16,-0.25,0.25000000000000006,-9.706374994933969e-20,41,0.0,-0.0,24.999999999999996,0.0006449112383964268
16,-0.25,0.25000000000000006,-9.706374994933969e-20,42,0.0,-0.0,29.999999999999993,0.0006413991990620651
16,-0.25,0.25000000000000006,-9.706374994933969e-20,43,0.0,-0.0,34.99999999999999,0.0006379508079267889
16,-0.25,0.25000000000000006,-9.706374994933969e-20,44,0.0,-0.0,40.000000000000014,0.0006346840977149296
16,-0.25,0.25000000000000006,-9.706374994933969e-20,45,0.0,-0.0,45.00000000000001,0.0006317139923637599
16,-0.25,0.25000000000000006,-9.706374994933969e-20,46,0.0,-0.0,49.99999999999999,0.0006291467551709818
16,-0.25,0.25000000000000006,-9.706374994933969e-20,47,0.0,-0.0,54.99999999999999,0.0006270732444812172
16,-0.25,0.25000000000000006,-9.706374994933969e-20,48,0.0,-0.0,59.999999999999986,0.000625563416124878
16,-0.25,0.25000000000000006,-9.706374994933969e-20,49,0.0,-0.0,64.99999999999997,0.0006246622495604266
16,-0.25,0.25000000000000006,-9.706374994933969e-20,50,0.0,-0.0,69.99999999999997,0.0006243879433767329
16,-0.25,0.25000000000000006,-9.706374994933969e-20,51,0.0,-0.0,75.00000000000001,0.0006247332661569776
16,-0.25,0.25000000000000006,-9.706374994933969e-20,52,0.0,-0.0,80.00000000000001,0.0006256685064870553
16,-0.25,0.25000000000000006,-9.706374994933969e-20,53,0.0,-0.0,85.0,0.0006271460649714804
16,-0.25,0.25000000000000006,-9.706374994933969e-20,54,0.0,-0.0,89.99999999999999,0.0006291052084772057
16,-0.25,0.25000000000000006,-9.706374994933969e-20,55,0.0,-0.0,95.0,0.0006314756673422068
16,-0.25,0.25000000000000006,-9.706374994933969e-20,56,0.0,-0.0,99.99999999999997,0.0006341815025314652
16,-0.25,0.25000000000000006,-9.706374994933969e-20,57,0.0,-0.0,104.99999999999999,0.0006371430835155722
16,-0.25,0.25000000000000006,-9.706374994933969e-20,58,0.0,-0.0,109.99999999999997,0.0006402791461668512
16,-0.25,0.25000000000000006,-9.706374994933969e-20,59,0.0,-0.0,114.99999999999997,0.0006435075969025499
16,-0.25,0.25000000000000006,-9.706374994933969e-20,60,0.0,-0.0,120.00000000000001,0.0006467464159437221
16,-0.25,0.25000000000000006,-9.706374994933969e-20,61,0.0,-0.0,125.00000000000001,0.0006499138602362324
16,-0.25,0.25000000000000006,-9.706374994933969e-20,62,0.0,-0.0,130.0,0.0006529289939406722
16,-0.25,0.25000000000000006,-9.706374994933969e-20,63,0.0,-0.0,135.0,0.0006557124408580573
16,-0.25,0.25000000000000006,-9.706374994933969e-20,64,0.0,-0.0,140.0,0.0006581869306075723
16,-0.25,0.25000000000000006,-9.706374994933969e-20,65,0.0,-0.0,145.0,0.0006602800494456974
16,-0.25,0.25000000000000006,-9.706374994933969e-20,66,0.0,-0.0,149.99999999999997,0.0006619256508092749
16,-0.25,0.25000000000000006,-9.706374994933969e-20,67,0.0,-0.0,154.99999999999997,0.0006630675714170378
16,-0.25,0.25000000000000006,-9.706374994933969e-20,68,0.0,-0.0,159.99999999999997,0.0006636627598139643
16,-0.25,0.25000000000000006,-9.706374994933969e-20,69,0.0,-0.0,165.00000000000003,0.0006636839555335241
16,-0.25,0.25000000000000006,-9.706374994933969e-20,70,0.0,-0.0,170.0,0.0006631219577308593
16,-0.25,0.25000000000000006,-9.706374994933969e-20,71,0.0,-0.0,175.0,0.0006619858101493621
17,0.0,0.25000000000000006,0.0,0,0.0,-0.0,-180.0,0.0004994029604113502
17,0.0,0.25000000000000006,0.0,1,0.0,-0.0,-175.0,0.0004982909362704909
17,0.0,0.25000000000000006,0.0,2,0.0,-0.0,-170.0,0.0004974909775683692
17,0.0,0.25000000000000006,0.0,3,0.0,-0.0,-165.0,0.0004970281977315649
17,0.0,0.25000000000000006,0.0,4,0.0,-0.0,-160.0,0.0004969168667432933
17,0.0,0.25000000000000006,0.0,5,0.0,-0.0,-155.0,0.0004971603409239153
17,0.0,0.25000000000000006,0.0,6,0.0,-0.0,-150.0,0.0004977511627546318
17,0.0,0.25000000000000006,0.0,7,0.0,-0.0,-145.0,0.0004986710794839485
17,0.0,0.25000000000000006,0.0,8,0.0,-0.0,-140.0,0.0004998910269906373
17,0.0,0.25000000000000006,0.0,9,0.0,-0.0,-135.0,0.0005013715194943247
17,0.0,0.25000000000000006,0.0,10,0.0,-0.0,-130.0,0.0005030628957893293
17,0.0,0.25000000000000006,0.0,11,0.0,-0.0,-125.00000000000001,0.0005049075196055505
17,0.0,0.25000000000000006,0.0,12,0.0,-0.0,-120.00000000000001,0.0005068416704921988
17,0.0,0.25000000000000006,0.0,13,0.0,-0.0,-115.0,0.0005087993628337706
17,0.0,0.25000000000000006,0.0,14,0.0,-0.0,-109.99999999999999,0.000510715317324683
17,0.0,0.25000000000000006,0.0,15,0.0,-0.0,-105.00000000000001,0.0005125289756333272
17,0.0,0.25000000000000006,0.0,16,0.0,-0.0,-100.0,0.000514186426706191
17,0.0,0.25000000000000006,0.0,17,0.0,-0.0,-95.0,0.0005156421153814397
17,0.0,0.25000000000000006,0.0,18,0.0,-0.0,-89.99999999999999,0.0005168591791557276
17,0.0,0.25000000000000006,0.0,19,0.0,-0.0,-85.0,0.0005178088886113388
17,0.0,0.25000000000000006,0.0,20,0.0,-0.0,-80.0,0.0005184703182574785
17,0.0,0.25000000000000006,0.0,21,0.0,-0.0,-75.0,0.00051882966792895
17,0.0,0.25000000000000006,0.0,22,0.0,-0.0,-70.0,0.0005188794855646917
17,0.0,0.25000000000000006,0.0,23,0.0,-0.0,-65.0,0.0005186184446241992
17,0.0,0.25000000000000006,0.0,24,0.0,-0.0,-60.00000000000001,0.0005180515707093962
17,0.0,0.25000000000000006,0.0,25,0.0,-0.0,-55.00000000000002,0.0005171900568054123
17,0.0,0.25000000000000006,0.0,26,0.0,-0.0,-49.99999999999999,0.0005160517267809086
17,0.0,0.25000000000000006,0.0,27,0.0,-0.0,-45.00000000000001,0.0005146616714137434
17,0.0,0.25000000000000006,0.0,28,0.0,-0.0,-40.000000000000014,0.0005130530129961745
17,0.0,0.25000000000000006,0.0,29,0.0,-0.0,-35.000000000000014,0.0005112669119445826
17,0.0,0.25000000000000006,0.0,30,0.0,-0.0,-29.999999999999993,0.0005093530106884517
17,0.0,0.25000000000000006,0.0,31,0.0,-0.0,-24.999999999999996,0.00050736832055235
17,0.0,0.25000000000000006,0.0,32,0.0,-0.0,-20.0,0.000505375305570636
17,0.0,0.25000000000000006,0.0,33,0.0,-0.0,-15.000000000000009,0.0005034390479073089
17,0.0,0.25000000000000006,0.0,34,0.0,-0.0,-10.000000000000014,0.0005016241863816695
17,0.0,0.25000000000000006,0.0,35,0.0,-0.0,-4.999999999999995,0.0004999910170143388
17,0.0,0.25000000000000006,0.0,36,0.0,-0.0,0.0,0.0004985931023178722
17,0.0,0.25000000000000006,0.0,37,0.0,-0.0,4.999999999999995,0.0004974751054891197
17,0.0,0.25000000000000006,0.0,38,0.0,-0.0,9.999999999999988,0.0004966717411395451
17,0.0,0.25000000000000006,0.0,39,0.0,-0.0,15.000000000000009,0.0004962072886279056
17,0.0,0.25000000000000006,0.0,40,0.0,-0.0,20.0,0.0004960955678153379
17,0.0,0.25000000000000006,0.0,41,0.0,-0.0,24.999999999999996,0.0004963398488732252
17,0.0,0.25000000000000006,0.0,42,0.0,-0.0,29.999999999999993,0.0004969329723497348
17,0.0,0.25000000000000006,0.0,43,0.0,-0.0,34.99999999999999,0.0004978571454344701
17,0.0,0.25000000000000006,0.0,44,0.0,-0.0,40.000000000000014,0.0004990842110348493
17,0.0,0.25000000000000006,0.0,45,0.0,-0.0,45.00000000000001,0.0005005756716414059
17,0.0,0.25000000000000006,0.0,46,0.0,-0.0,49.99999999999999,0.0005022832802025308
17,0.0,0.25000000000000006,0.0,47,0.0,-0.0,54.99999999999999,0.0005041508512508984
17,0.0,0.25000000000000006,0.0,48,0.0,-0.0,59.999999999999986,0.0005061159320724415
17,0.0,0.25000000000000006,0.0,49,0.0,-0.0,64.99999999999997,0.0005081133760733404
17,0.0,0.25000000000000006,0.0,50,0.0,-0.0,69.99999999999997,0.0005100787352974414
17,0.0,0.25000000000000006,0.0,51,0.0,-0.0,75.00000000000001,0.0005119512115077026
17,0.0,0.25000000000000006,0.0,52,0.0,-0.0,80.00000000000001,0.0005136764788919188
17,0.0,0.25000000000000006,0.0,53,0.0,-0.0,85.0,0.0005152078990784433
17,0.0,0.25000000000000006,0.0,54,0.0,-0.0,89.99999999999999,0.0005165074736980005
17,0.0,0.25000000000000006,0.0,55,0.0,-0.0,95.0,0.0005175450371506835
17,0.0,0.25000000000000006,0.0,56,0.0,-0.0,99.99999999999997,0.0005182983403253401
17,0.0,0.25000000000000006,0.0,57,0.0,-0.0,104.99999999999999,0.0005187520263120353
17,0.0,0.25000000000000006,0.0,58,0.0,-0.0,109.99999999999997,0.0005188973190056335
17,0.0,0.25000000000000006,0.0,59,0.0,-0.0,114.99999999999997,0.000518731518347942
17,0.0,0.25000000000000006,0.0,60,0.0,-0.0,120.00000000000001,0.0005182582078246258
17,0.0,0.25000000000000006,0.0,61,0.0,-0.0,125.00000000000001,0.0005174872369675711
17,0.0,0.25000000000000006,0.0,62,0.0,-0.0,130.0,0.0005164349075027406
17,0.0,0.25000000000000006,0.0,63,0.0,-0.0,135.0,0.0005151250141657218
17,0.0,0.25000000000000006,0.0,64,0.0,-0.0,140.0,0.0005135892444435988
17,0.0,0.25000000000000006,0.0,65,0.0,-0.0,145.0,0.0005118677010487217
17,0.0,0.25000000000000006,0.0,66,0.0,-0.0,149.99999999999997,0.0005100091307349796
17,0.0,0.25000000000000006,0.0,67,0.0,-0.0,154.99999999999997,0.0005080702419410359
17,0.0,0.25000000000000006,0.0,68,0.0,-0.0,159.99999999999997,0.0005061136064039742
17,0.0,0.25000000000000006,0.0,69,0.0,-0.0,165.00000000000003,0.0005042051919227145
17,0.0,0.25000000000000006,0.0,70,0.0,-0.0,170.0,0.0005024105401182844
17,0.0,0.25000000000000006,0.0,71,0.0,-0.0,175.0,0.0005007915119728818
18,0.25000000000000006,0.25000000000000006,9.706374994933969e-20,0,0.0,-0.0,-180.0,0.0006367361944341522
18,0.25000000000000006,0.25000000000000006,9.706374994933969e-20,1,0.0,-0.0,-175.0,0.0006400967015623053
18,0.25000000000000006,0.25000000000000006,9.706374994933969e-20,2,0.0,-0.0,-170.0,0.0006435863213009136
18,0.25000000000000006,0.25000000000000006,9.706374994933969e-20,3,0.0,-0.0,-165.0,0.0006470849067129671
18,0.25000000000000006,0.25000000000000006,9.706374994933969e-20,4,0.0,-0.0,-160.0,0.00065047655529447
18,0.25000000000000006,0.25000000000000006,9.706374994933969e-20,5,0.0,-0.0,-155.0,0.0006536535689516263
18,0.25000000000000006,0.25000000000000006,9.706374994933969e-20,6,0.0,-0.0,-150.0,0.0006565189502753135
18,0.25000000000000006,0.25000000000000006,9.706374994933969e-20,7,0.0,-0.0,-145.0,0.0006589886595828583
18,0.25000000000000006,0.25000000000000006,9.706374994933969e-20,8,0.0,-0.0,-140.0,0.0006609924113789563
18,0.25000000000000006,0.25000000000000006,9.706374994933969e-20,9,0.0,-0.0,-135.0,0.0006624756361522858
18,0.25000000000000006,0.25000000000000006,9.706374994933969e-20,10,0.0,-0.0,-130.0,0.0006633996946450731
18,0.25000000000000006,0.25000000000000006,9.706374994933969e-20,11,0.0,-0.0,-125.00000000000001,0.000663744162669576
18,0.25000000000000006,0.25000000000000006,9.706374994933969e-20,12,0.0,-0.0,-120.00000000000001,0.0006635066993569143
18,0.25000000000000006,0.25000000000000006,9.706374994933969e-20,13,0.0,-0.0,-115.0,0.0006627033888287388
18,0.25000000000000006,0.25000000000000006,9.706374994933969e-20,14,0.0,-0.0,-109.99999999999999,0.0006613676963270688
18,0.25000000000000006,0.25000000000000006,9.706374994933969e-20,15,0.0,-0.0,-105.00000000000001,0.0006595479130998601
18,0.25000000000000006,0.25000000000000006,9.706374994933969e-20,16,0.0,-0.0,-100.0,0.0006573043371922596
18,0.25000000000000006,0.25000000000000006,9.706374994933969e-20,17,0.0,-0.0,-95.0,0.0006547058011374756
18,0.25000000000000006,0.25000000000000006,9.706374994933969e-20,18,0.0,-0.0,-89.99999999999999,0.0006518267155711108
18,0.25000000000000006,0.25000000000000006,9.706374994933969e-20,19,0.0,-0.0,-85.0,0.000648745352169734
18,0.25000000000000006,0.25000000000000006,9.706374994933969e-20,20,0.0,-0.0,-80.0,0.000645541762473662
18,0.25000000000000006,0.25000000000000006,9.706374994933969e-20,21,0.0,-0.0,-75.0,0.0006422972446839483
18,0.25000000000000006,0.25000000000000006,9.706374994933969e-20,22,0.0,-0.0,-70.0,0.0006390936049183763
18,0.25000000000000006,0.25000000000000006,9.706374994933969e-20,23,0.0,-0.0,-65.0,0.0006360131107602543
18,0.25000000000000006,0.25000000000000006,9.706374994933969e-20,24,0.0,-0.0,-60.00000000000001,0.0006331375167359687
18,0.25000000000000006,0.25000000000000006,9.706374994933969e-20,25,0.0,-0.0,-55.00000000000002,0.0006305476419714434
18,0.25000000000000006,0.25000000000000006,9.706374994933969e-20,26,0.0,-0.0,-49.99999999999999,0.0006283220856335022
18,0.25000000000000006,0.25000000000000006,9.706374994933969e-20,27,0.0,-0.0,-45.00000000000001,0.0006265348507813027
18,0.25000000000000006,0.25000000000000006,9.706374994933969e-20,28,0.0,-0.0,-40.000000000000014,0.0006252531666936198
18,0.25000000000000006,0.25000000000000006,9.706374994933969e-20,29,0.0,-0.0,-35.000000000000014,0.0006245334020003727
18,0.25000000000000006,0.25000000000000006,9.706374994933969e-20,30,0.0,-0.0,-29.999999999999993,0.0006244169235898074
18,0.25000000000000006,0.25000000000000006,9.706374994933969e-20,31,0.0,-0.0,-24.999999999999996,0.0006249256124595237
18,0.25000000000000006,0.25000000000000006,9.706374994933969e-20,32,0.0,-0.0,-20.0,0.0006260574725575642
18,0.25000000000000006,0.25000000000000006,9.706374994933969e-20,33,0.0,-0.0,-15.000000000000009,0.0006277843478501947
18,0.25000000000000006,0.25000000000000006,9.706374994933969e-20,34,0.0,-0.0,-10.000000000000014,0.0006300515207064988
18,0.25000000000000006,0.25000000000000006,9.706374994933969e-20,35,0.0,-0.0,-4.999999999999995,0.0006327806348537707
18,0.25000000000000006,0.25000000000000006,9.706374994933969e-20,36,0.0,-0.0,0.0,0.0006358745122104451
18,0.25000000000000006,0.25000000000000006,9.706374994933969e-20,37,0.0,-0.0,4.999999999999995,0.0006392227432665757
18,0.25000000000000006,0.25000000000000006,9.706374994933969e-20,38,0.0,-0.0,9.999999999999988,0.000642708659544392
18,0.25000000000000006,0.25000000000000006,9.706374994933969e-20,39,0.0,-0.0,15.000000000000009,0.0006462145386962578
18,0.25000000000000006,0.25000000000000006,9.706374994933969e-20,40,0.0,-0.0,20.0,0.0006496266166539595
18,0.25000000000000006,0.25000000000000006,9.706374994933969e-20,41,0.0,-0.0,24.999999999999996,0.0006528387713427927
18,0.25000000000000006,0.25000000000000006,9.706374994933969e-20,42,0.0,-0.0,29.999999999999993,0.0006557550410881727
18,0.25000000000000006,0.25000000000000006,9.706374994933969e-20,43,0.0,-0.0,34.99999999999999,0.0006582915078678615
18,0.25000000000000006,0.25000000000000006,9.706374994933969e-20,44,0.0,-0.0,40.000000000000014,0.0006603776845839966
18,0.25000000000000006,0.25000000000000006,9.706374994933969e-20,45,0.0,-0.0,45.00000000000001,0.0006619576662353069
18,0.25000000000000006,0.25000000000000006,9.706374994933969e-20,46,0.0,-0.0,49.99999999999999,0.0006629908156806243
18,0.25000000000000006,0.25000000000000006,9.706374994933969e-20,47,0.0,-0.0,54.99999999999999,0.0006634538788852828
18,0.25000000000000006,0.25000000000000006,9.706374994933969e-20,48,0.0,-0.0,59.999999999999986,0.0006633408796771882
18,0.25000000000000006,0.25000000000000006,9.706374994933969e-20,49,0.0,-0.0,64.99999999999997,0.000662663996619197
18,0.25000000000000006,0.25000000000000006,9.706374994933969e-20,50,0.0,-0.0,69.99999999999997,0.0006614528004090769
18,0.25000000000000006,0.25000000000000006,9.706374994933969e-20,51,0.0,-0.0,75.00000000000001,0.0006597519952841645
18,0.25000000000000006,0.25000000000000006,9.706374994933969e-20,52,0.0,-0.0,80.00000000000001,0.0006576191737229359
18,0.25000000000000006,0.25000000000000006,9.706374994933969e-20,53,0.0,-0.0,85.0,0.0006551208959290692
18,0.25000000000000006,0.25000000000000006,9.706374994933969e-20,54,0.0,-0.0,89.99999999999999,0.0006523304411065234
18,0.25000000000000006,0.25000000000000006,9.706374994933969e-20,55,0.0,-0.0,95.0,0.0006493251639549079
18,0.25000000000000006,0.25000000000000006,9.706374994933969e-20,56,0.0,-0.0,99.99999999999997,0.0006461850448949704
18,0.25000000000000006,0.25000000000000006,9.706374994933969e-20,57,0.0,-0.0,104.99999999999999,0.0006429914238647244
18,0.25000000000000006,0.25000000000000006,9.706374994933969e-20,58,0.0,-0.0,109.99999999999997,0.0006398267116984176
18,0.25000000000000006,0.25000000000000006,9.706374994933969e-20,59,0.0,-0.0,114.99999999999997,0.0006367740150547413
18,0.25000000000000006,0.25000000000000006,9.706374994933969e-20,60,0.0,-0.0,120.00000000000001,0.000633916145520374
18,0.25000000000000006,0.25000000000000006,9.706374994933969e-20,61,0.0,-0.0,125.00000000000001,0.0006313354923353441
18,0.25000000000000006,0.25000000000000006,9.706374994933969e-20,62,0.0,-0.0,130.0,0.0006291122392385465
18,0.25000000000000006,0.25000000000000006,9.706374994933969e-20,63,0.0,-0.0,135.0,0.0006273227890019204
18,0.25000000000000006,0.25000000000000006,9.706374994933969e-20,64,0.0,-0.0,140.0,0.0006260367742363455
18,0.25000000000000006,0.25000000000000006,9.706374994933969e-20,65,0.0,-0.0,145.0,0.0006253130018555378
18,0.25000000000000006,0.25000000000000006,9.706374994933969e-20,66,0.0,-0.0,149.99999999999997,0.0006251955346765521
18,0.25000000000000006,0.25000000000000006,9.706374994933969e-20,67,0.0,-0.0,154.99999999999997,0.0006257079259540887
18,0.25000000000000006,0.25000000000000006,9.706374994933969e-20,68,0.0,-0.0,159.99999999999997,0.0006268490800094165
18,0.25000000000000006,0.25000000000000006,9.706374994933969e-20,69,0.0,-0.0,165.00000000000003,0.0006285905307869899
18,0.25000000000000006,0.25000000000000006,9.706374994933969e-20,70,0.0,-0.0,170.0,0.0006308761590308392
18,0.25000000000000006,0.25000000000000006,9.706374994933969e-20,71,0.0,-0.0,175.0,0.0006336247609157187
19,0.5,0.25,-1.9412749989867938e-19,0,0.0,-0.0,-180.0,0.0008363191219006576
19,0.5,0.25,-1.9412749989867938e-19,1,0.0,-0.0,-175.0,0.0008417174190144996
19,0.5,0.25,-1.9412749989867938e-19,2,0.0,-0.0,-170.0,0.0008466211163815086
19,0.5,0.25,-1.9412749989867938e-19,3,0.0,-0.0,-165.0,0.0008508799808435066
19,0.5,0.25,-1.9412749989867938e-19,4,0.0,-0.0,-160.0,0.0008543770690325869
19,0.5,0.25,-1.9412749989867938e-19,5,0.0,-0.0,-155.0,0.0008570285064002961
19,0.5,0.25,-1.9412749989867938e-19,6,0.0,-0.0,-150.0,0.0008587821227498401
19,0.5,0.25,-1.9412749989867938e-19,7,0.0,-0.0,-145.0,0.000859614285430317
19,0.5,0.25,-1.9412749989867938e-19,8,0.0,-0.0,-140.0,0.0008595264154867668
19,0.5,0.25,-1.9412749989867938e-19,9,0.0,-0.0,-135.0,0.0008585418669589262
19,0.5,0.25,-1.9412749989867938e-19,10,0.0,-0.0,-130.0,0.0008567040135730733
19,0.5,0.25,-1.9412749989867938e-19,11,0.0,-0.0,-125.00000000000001,0.0008540753140884451
19,0.5,0.25,-1.9412749989867938e-19,12,0.0,-0.0,-120.00000000000001,0.0008507366741075799
19,0.5,0.25,-1.9412749989867938e-19,13,0.0,-0.0,-115.0,0.0008467861701284348
19,0.5,0.25,-1.9412749989867938e-19,14,0.0,-0.0,-109.99999999999999,0.000842336134810798
19,0.5,0.25,-1.9412749989867938e-19,15,0.0,-0.0,-105.00000000000001,0.0008375103387556589
19,0.5,0.25,-1.9412749989867938e-19,16,0.0,-0.0,-100.0,0.0008324404706965924
19,0.5,0.25,-1.9412749989867938e-19,17,0.0,-0.0,-95.0,0.0008272615410180846
19,0.5,0.25,-1.9412749989867938e-19,18,0.0,-0.0,-89.99999999999999,0.0008221102230418508
19,0.5,0.25,-1.9412749989867938e-19,19,0.0,-0.0,-85.0,0.000817121937894908
19,0.5,0.25,-1.9412749989867938e-19,20,0.0,-0.0,-80.0,0.0008124287718379244
19,0.5,0.25,-1.9412749989867938e-19,21,0.0,-0.0,-75.0,0.0008081589467540539
19,0.5,0.25,-1.9412749989867938e-19,22,0.0,-0.0,-70.0,0.0008044336126944037
19,0.5,0.25,-1.9412749989867938e-19,23,0.0,-0.0,-65.0,0.0008013653658823554
19,0.5,0.25,-1.9412749989867938e-19,24,0.0,-0.0,-60.00000000000001,0.0007990560001826188
19,0.5,0.25,-1.9412749989867938e-19,25,0.0,-0.0,-55.00000000000002,0.0007975927164658077
19,0.5,0.25,-1.9412749989867938e-19,26,0.0,-0.0,-49.99999999999999,0.000797044142146225
19,0.5,0.25,-1.9412749989867938e-19,27,0.0,-0.0,-45.00000000000001,0.0007974563186263533
19,0.5,0.25,-1.9412749989867938e-19,28,0.0,-0.0,-40.000000000000014,0.0007988473858574127
19,0.5,0.25,-1.9412749989867938e-19,29,0.0,-0.0,-35.000000000000014,0.0008012032439757626
19,0.5,0.25,-1.9412749989867938e-19,30,0.0,-0.0,-29.999999999999993,0.0008044715804287041
19,0.5,0.25,-1.9412749989867938e-19,31,0.0,-0.0,-24.999999999999996,0.0008085613542020591
19,0.5,0.25,-1.9412749989867938e-19,32,0.0,-0.0,-20.0,0.0008133413824198442
19,0.5,0.25,-1.9412749989867938e-19,33,0.0,-0.0,-15.000000000000009,0.0008186449073012916
19,0.5,0.25,-1.9412749989867938e-19,34,0.0,-0.0,-10.000000000000014,0.0008242787638566149
19,0.5,0.25,-1.9412749989867938e-19,35,0.0,-0.0,-4.999999999999995,0.0008300352894220799
19,0.5,0.25,-1.9412749989867938e-19,36,0.0,-0.0,0.0,0.0008357043225822796
19,0.5,0.25,-1.9412749989867938e-19,37,0.0,-0.0,4.999999999999995,0.0008410866953393727
19,0.5,0.25,-1.9412749989867938e-19,38,0.0,-0.0,9.999999999999988,0.0008460040484620324
19,0.5,0.25,-1.9412749989867938e-19,39,0.0,-0.0,15.000000000000009,0.0008503054738861037
19,0.5,0.25,-1.9412749989867938e-19,40,0.0,-0.0,20.0,0.0008538717524633013
19,0.5,0.25,-1.9412749989867938e-19,41,0.0,-0.0,24.999999999999996,0.0008566158901626458
19,0.5,0.25,-1.9412749989867938e-19,42,0.0,-0.0,29.999999999999993,0.0008584816494467807
19,0.5,0.25,-1.9412749989867938e-19,43,0.0,-0.0,34.99999999999999,0.0008594410535791262
19,0.5,0.25,-1.9412749989867938e-19,44,0.0,-0.0,40.000000000000014,0.0008594909713847272
19,0.5,0.25,-1.9412749989867938e-19,45,0.0,-0.0,45.00000000000001,0.0008586495443094756
19,0.5,0.25,-1.9412749989867938e-19,46,0.0,-0.0,49.99999999999999,0.000856954370080134
19,0.5,0.25,-1.9412749989867938e-19,47,0.0,-0.0,54.99999999999999,0.0008544616601035797
19,0.5,0.25,-1.9412749989867938e-19,48,0.0,-0.0,59.999999999999986,0.0008512459801260483
19,0.5,0.25,-1.9412749989867938e-19,49,0.0,-0.0,64.99999999999997,0.0008473993600844357
19,0.5,0.25,-1.9412749989867938e-19,50,0.0,-0.0,69.99999999999997,0.000843029664817737
19,0.5,0.25,-1.9412749989867938e-19,51,0.0,-0.0,75.00000000000001,0.0008382579963767814
19,0.5,0.25,-1.9412749989867938e-19,52,0.0,-0.0,80.00000000000001,0.0008332148380732497
19,0.5,0.25,-1.9412749989867938e-19,53,0.0,-0.0,85.0,0.0008280359416366701
19,0.5,0.25,-1.9412749989867938e-19,54,0.0,-0.0,89.99999999999999,0.0008228602016482137
19,0.5,0.25,-1.9412749989867938e-19,55,0.0,-0.0,95.0,0.000817825789607895
19,0.5,0.25,-1.9412749989867938e-19,56,0.0,-0.0,99.99999999999997,0.000813069108297567
19,0.5,0.25,-1.9412749989867938e-19,57,0.0,-0.0,104.99999999999999,0.000808722703186401
19,0.5,0.25,-1.9412749989867938e-19,58,0.0,-0.0,109.99999999999997,0.0008049130368095249
19,0.5,0.25,-1.9412749989867938e-19,59,0.0,-0.0,114.99999999999997,0.0008017586160793856
19,0.5,0.25,-1.9412749989867938e-19,60,0.0,-0.0,120.00000000000001,0.0007993668282220933
19,0.5,0.25,-1.9412749989867938e-19,61,0.0,-0.0,125.00000000000001,0.0007978312207193303
19,0.5,0.25,-1.9412749989867938e-19,62,0.0,-0.0,130.0,0.0007972262166818764
19,0.5,0.25,-1.9412749989867938e-19,63,0.0,-0.0,135.0,0.0007976029634405766
19,0.5,0.25,-1.9412749989867938e-19,64,0.0,-0.0,140.0,0.0007989837115249253
19,0.5,0.25,-1.9412749989867938e-19,65,0.0,-0.0,145.0,0.0008013559737284959
19,0.5,0.25,-1.9412749989867938e-19,66,0.0,-0.0,149.99999999999997,0.000804666983400369
19,0.5,0.25,-1.9412749989867938e-19,67,0.0,-0.0,154.99999999999997,0.0008088216232858395
19,0.5,0.25,-1.9412749989867938e-19,68,0.0,-0.0,159.99999999999997,0.0008136814199204241
19,0.5,0.25,-1.9412749989867938e-19,69,0.0,-0.0,165.00000000000003,0.0008190704411760203
19,0.5,0.25,-1.9412749989867938e-19,70,0.0,-0.0,170.0,0.0008247848561280351
19,0.5,0.25,-1.9412749989867938e-19,71,0.0,-0.0,175.0,0.000830606955586741
20,-0.5,0.4999999999999999,3.8826608787250196e-19,0,0.0,-0.0,-180.0,0.0008989166283950114
20,-0.5,0.4999999999999999,3.8826608787250196e-19,1,0.0,-0.0,-175.0,0.0008966809757476936
20,-0.5,0.4999999999999999,3.8826608787250196e-19,2,0.0,-0.0,-170.0,0.0008936895917750943
20,-0.5,0.4999999999999999,3.8826608787250196e-19,3,0.0,-0.0,-165.0,0.000889996321708903
20,-0.5,0.4999999999999999,3.8826608787250196e-19,4,0.0,-0.0,-160.0,0.000885698221621365
20,-0.5,0.4999999999999999,3.8826608787250196e-19,5,0.0,-0.0,-155.0,0.0008809343568914822
20,-0.5,0.4999999999999999,3.8826608787250196e-19,6,0.0,-0.0,-150.0,0.0008758810052526714
20,-0.5,0.4999999999999999,3.8826608787250196e-19,7,0.0,-0.0,-145.0,0.0008707428280795707
20,-0.5,0.4999999999999999,3.8826608787250196e-19,8,0.0,-0.0,-140.0,0.0008657380860788507
20,-0.5,0.4999999999999999,3.8826608787250196e-19,9,0.0,-0.0,-135.0,0.0008610862196713198
20,-0.5,0.4999999999999999,3.8826608787250196e-19,10,0.0,-0.0,-130.0,0.0008570208580530691
20,-0.5,0.4999999999999999,3.8826608787250196e-19,11,0.0,-0.0,-125.00000000000001,0.000853749331182259
20,-0.5,0.4999999999999999,3.8826608787250196e-19,12,0.0,-0.0,-120.00000000000001,0.0008514290597037224
20,-0.5,0.4999999999999999,3.8826608787250196e-19,13,0.0,-0.0,-115.0,0.0008501527120708704
20,-0.5,0.4999999999999999,3.8826608787250196e-19,14,0.0,-0.0,-109.99999999999999,0.0008499426290603416
20,-0.5,0.4999999999999999,3.8826608787250196e-19,15,0.0,-0.0,-105.00000000000001,0.0008507547733935117
20,-0.5,0.4999999999999999,3.8826608787250196e-19,16,0.0,-0.0,-100.0,0.0008524906086133363
20,-0.5,0.4999999999999999,3.8826608787250196e-19,17,0.0,-0.0,-95.0,0.000855012246151766
20,-0.5,0.4999999999999999,3.8826608787250196e-19,18,0.0,-0.0,-89.99999999999999,0.0008581595266434302
20,-0.5,0.4999999999999999,3.8826608787250196e-19,19,0.0,-0.0,-85.0,0.0008617636101961586
20,-0.5,0.4999999999999999,3.8826608787250196e-19,20,0.0,-0.0,-80.0,0.0008656593817730055
20,-0.5,0.4999999999999999,3.8826608787250196e-19,21,0.0,-0.0,-75.0,0.0008696938485614209
20,-0.5,0.4999999999999999,3.8826608787250196e-19,22,0.0,-0.0,-70.0,0.0008737328470759083
20,-0.5,0.4999999999999999,3.8826608787250196e-19,23,0.0,-0.0,-65.0,0.0008776651630020048
20,-0.5,0.4999999999999999,3.8826608787250196e-19,24,0.0,-0.0,-60.00000000000001,0.0008814049675549122
20,-0.5,0.4999999999999999,3.8826608787250196e-19,25,0.0,-0.0,-55.00000000000002,0.0008848912463188473
20,-0.5,0.4999999999999999,3.8826608787250196e-19,26,0.0,-0.0,-49.99999999999999,0.0008880879537173448
20,-0.5,0.4999999999999999,3.8826608787250196e-19,27,0.0,-0.0,-45.00000000000001,0.0008909956279506025
20,-0.5,0.4999999999999999,3.8826608787250196e-19,28,0.0,-0.0,-40.000000000000014,0.0008936081776808784
20,-0.5,0.4999999999999999,3.8826608787250196e-19,29,0.0,-0.0,-35.000000000000014,0.0008959055834852389
20,-0.5,0.4999999999999999,3.8826608787250196e-19,30,0.0,-0.0,-29.999999999999993,0.0008978485617196085
20,-0.5,0.4999999999999999,3.8826608787250196e-19,31,0.0,-0.0,-24.999999999999996,0.0008993798776794843
20,-0.5,0.4999999999999999,3.8826608787250196e-19,32,0.0,-0.0,-20.0,0.0009004312752865566
20,-0.5,0.4999999999999999,3.8826608787250196e-19,33,0.0,-0.0,-15.000000000000009,0.0009009295834004749
20,-0.5,0.4999999999999999,3.8826608787250196e-19,34,0.0,-0.0,-10.000000000000014,0.0009008037365009657
20,-0.5,0.4999999999999999,3.8826608787250196e-19,35,0.0,-0.0,-4.999999999999995,0.0008999934788995629
20,-0.5,0.4999999999999999,3.8826608787250196e-19,36,0.0,-0.0,0.0,0.0008984579129446469
20,-0.5,0.4999999999999999,3.8826608787250196e-19,37,0.0,-0.0,4.999999999999995,0.0008961839824950027
20,-0.5,0.4999999999999999,3.8826608787250196e-19,38,0.0,-0.0,9.999999999999988,0.0008931936369460997
20,-0.5,0.4999999999999999,3.8826608787250196e-19,39,0.0,-0.0,15.000000000000009,0.0008895476343366449
20,-0.5,0.4999999999999999,3.8826608787250196e-19,40,0.0,-0.0,20.0,0.0008853471862799163
20,-0.5,0.4999999999999999,3.8826608787250196e-19,41,0.0,-0.0,24.999999999999996,0.0008807313588787122
20,-0.5,0.4999999999999999,3.8826608787250196e-19,42,0.0,-0.0,29.999999999999993,0.0008758721448660691
20,-0.5,0.4999999999999999,3.8826608787250196e-19,43,0.0,-0.0,34.99999999999999,0.0008709652512264844
20,-0.5,0.4999999999999999,3.8826608787250196e-19,44,0.0,-0.0,40.000000000000014,0.0008662207294809765
20,-0.5,0.4999999999999999,3.8826608787250196e-19,45,0.0,-0.0,45.00000000000001,0.0008618455850830491
20,-0.5,0.4999999999999999,3.8826608787250196e-19,46,0.0,-0.0,49.99999999999999,0.0008580292077134863
20,-0.5,0.4999999999999999,3.8826608787250196e-19,47,0.0,-0.0,54.99999999999999,0.0008549563390174911
20,-0.5,0.4999999999999999,3.8826608787250196e-19,48,0.0,-0.0,59.999999999999986,0.0008527703458741135
20,-0.5,0.4999999999999999,3.8826608787250196e-19,49,0.0,-0.0,64.99999999999997,0.0008515568808508535
20,-0.5,0.4999999999999999,3.8826608787250196e-19,50,0.0,-0.0,69.99999999999997,0.0008513388523493961
20,-0.5,0.4999999999999999,3.8826608787250196e-19,51,0.0,-0.0,75.00000000000001,0.0008520804096982402
20,-0.5,0.4999999999999999,3.8826608787250196e-19,52,0.0,-0.0,80.00000000000001,0.0008536954630074549
20,-0.5,0.4999999999999999,3.8826608787250196e-19,53,0.0,-0.0,85.0,0.0008560617136382677
20,-0.5,0.4999999999999999,3.8826608787250196e-19,54,0.0,-0.0,89.99999999999999,0.0008590337484940258
20,-0.5,0.4999999999999999,3.8826608787250196e-19,55,0.0,-0.0,95.0,0.0008624562515197276
20,-0.5,0.4999999999999999,3.8826608787250196e-19,56,0.0,-0.0,99.99999999999997,0.0008661744039720807
20,-0.5,0.4999999999999999,3.8826608787250196e-19,57,0.0,-0.0,104.99999999999999,0.0008700427060112582
20,-0.5,0.4999999999999999,3.8826608787250196e-19,58,0.0,-0.0,109.99999999999997,0.0008739312875352221
20,-0.5,0.4999999999999999,3.8826608787250196e-19,59,0.0,-0.0,114.99999999999997,0.0008777305522131584
20,-0.5,0.4999999999999999,3.8826608787250196e-19,60,0.0,-0.0,120.00000000000001,0.0008813541598403014
20,-0.5,0.4999999999999999,3.8826608787250196e-19,61,0.0,-0.0,125.00000000000001,0.000884740740122713
20,-0.5,0.4999999999999999,3.8826608787250196e-19,62,0.0,-0.0,130.0,0.0008878761692466218
20,-0.5,0.4999999999999999,3.8826608787250196e-19,63,0.0,-0.0,135.0,0.0008907623832412019
20,-0.5,0.4999999999999999,3.8826608787250196e-19,64,0.0,-0.0,140.0,0.0008933927900171222
20,-0.5,0.4999999999999999,3.8826608787250196e-19,65,0.0,-0.0,145.0,0.0008957396983542857
20,-0.5,0.4999999999999999,3.8826608787250196e-19,66,0.0,-0.0,149.99999999999997,0.0008977549915062135
20,-0.5,0.4999999999999999,3.8826608787250196e-19,67,0.0,-0.0,154.99999999999997,0.0008993753317234238
20,-0.5,0.4999999999999999,3.8826608787250196e-19,68,0.0,-0.0,159.99999999999997,0.0009005266136533654
20,-0.5,0.4999999999999999,3.8826608787250196e-19,69,0.0,-0.0,165.00000000000003,0.0009011290372261489
20,-0.5,0.4999999999999999,3.8826608787250196e-19,70,0.0,-0.0,170.0,0.000901104330490823
20,-0.5,0.4999999999999999,3.8826608787250196e-19,71,0.0,-0.0,175.0,0.0009003835958843918
21,-0.24999999999999994,0.5,1.9413304393625098e-19,0,0.0,-0.0,-180.0,0.0008043920686709112
21,-0.24999999999999994,0.5,1.9413304393625098e-19,1,0.0,-0.0,-175.0,0.0008001114857831219
21,-0.24999999999999994,0.5,1.9413304393625098e-19,2,0.0,-0.0,-170.0,0.0007957162330500592
21,-0.24999999999999994,0.5,1.9413304393625098e-19,3,0.0,-0.0,-165.0,0.0007913536952717121
21,-0.24999999999999994,0.5,1.9413304393625098e-19,4,0.0,-0.0,-160.0,0.000787179505856938
21,-0.24999999999999994,0.5,1.9413304393625098e-19,5,0.0,-0.0,-155.0,0.0007833506630379256
21,-0.24999999999999994,0.5,1.9413304393625098e-19,6,0.0,-0.0,-150.0,0.0007800192446326636
21,-0.24999999999999994,0.5,1.9413304393625098e-19,7,0.0,-0.0,-145.0,0.000777325945206552
21,-0.24999999999999994,0.5,1.9413304393625098e-19,8,0.0,-0.0,-140.0,0.0007753905945177759
21,-0.24999999999999994,0.5,1.9413304393625098e-19,9,0.0,-0.0,-135.0,0.000774302840439849
21,-0.24999999999999994,0.5,1.9413304393625098e-19,10,0.0,-0.0,-130.0,0.0007741136823036421
21,-0.24999999999999994,0.5,1.9413304393625098e-19,11,0.0,-0.0,-125.00000000000001,0.000774829107317323
21,-0.24999999999999994,0.5,1.9413304393625098e-19,12,0.0,-0.0,-120.00000000000001,0.0007764065875690832
21,-0.24999999999999994,0.5,1.9413304393625098e-19,13,0.0,-0.0,-115.0,0.0007787595369979724
21,-0.24999999999999994,0.5,1.9413304393625098e-19,14,0.0,-0.0,-109.99999999999999,0.0007817646234723114
21,-0.24999999999999994,0.5,1.9413304393625098e-19,15,0.0,-0.0,-105.00000000000001,0.0007852747093216884
21,-0.24999999999999994,0.5,1.9413304393625098e-19,16,0.0,-0.0,-100.0,0.000789132449128557
21,-0.24999999999999994,0.5,1.9413304393625098e-19,17,0.0,-0.0,-95.0,0.0007931829329840475
21,-0.24999999999999994,0.5,1.9413304393625098e-19,18,0.0,-0.0,-89.99999999999999,0.0007972825205568829
21,-0.24999999999999994,0.5,1.9413304393625098e-19,19,0.0,-0.0,-85.0,0.0008013046747974828
21,-0.24999999999999994,0.5,1.9413304393625098e-19,20,0.0,-0.0,-80.0,0.0008051424132736831
21,-0.24999999999999994,0.5,1.9413304393625098e-19,21,0.0,-0.0,-75.0,0.0008087090038316432
21,-0.24999999999999994,0.5,1.9413304393625098e-19,22,0.0,-0.0,-70.0,0.0008119358131259162
21,-0.24999999999999994,0.5,1.9413304393625098e-19,23,0.0,-0.0,-65.0,0.0008147689223371043
21,-0.24999999999999994,0.5,1.9413304393625098e-19,24,0.0,-0.0,-60.00000000000001,0.0008171652054358267
21,-0.24999999999999994,0.5,1.9413304393625098e-19,25,0.0,-0.0,-55.00000000000002,0.0008190882655621232
21,-0.24999999999999994,0.5,1.9413304393625098e-19,26,0.0,-0.0,-49.99999999999999,0.0008205045568932738
21,-0.24999999999999994,0.5,1.9413304393625098e-19,27,0.0,-0.0,-45.00000000000001,0.0008213811734442053
21,-0.24999999999999994,0.5,1.9413304393625098e-19,28,0.0,-0.0,-40.000000000000014,0.0008216855503856293
21,-0.24999999999999994,0.5,1.9413304393625098e-19,29,0.0,-0.0,-35.000000000000014,0.000821388651047511
21,-0.24999999999999994,0.5,1.9413304393625098e-19,30,0.0,-0.0,-29.999999999999993,0.0008204697001356316
21,-0.24999999999999994,0.5,1.9413304393625098e-19,31,0.0,-0.0,-24.999999999999996,0.0008189225909303374
21,-0.24999999999999994,0.5,1.9413304393625098e-19,32,0.0,-0.0,-20.0,0.0008167608758154672
21,-0.24999999999999994,0.5,1.9413304393625098e-19,33,0.0,-0.0,-15.000000000000009,0.0008140223733353719
21,-0.24999999999999994,0.5,1.9413304393625098e-19,34,0.0,-0.0,-10.000000000000014,0.0008107697935147179
21,-0.24999999999999994,0.5,1.9413304393625098e-19,35,0.0,-0.0,-4.999999999999995,0.0008070881510772198
21,-0.24999999999999994,0.5,1.9413304393625098e-19,36,0.0,-0.0,0.0,0.0008030820745247438
21,-0.24999999999999994,0.5,1.9413304393625098e-19,37,0.0,-0.0,4.999999999999995,0.0007988705931306857
21,-0.24999999999999994,0.5,1.9413304393625098e-19,38,0.0,-0.0,9.999999999999988,0.0007945807560850584
21,-0.24999999999999994,0.5,1.9413304393625098e-19,39,0.0,-0.0,15.000000000000009,0.0007903462806533433
21,-0.24999999999999994,0.5,1.9413304393625098e-19,40,0.0,-0.0,20.0,0.0007863134848152298
21,-0.24999999999999994,0.5,1.9413304393625098e-19,41,0.0,-0.0,24.999999999999996,0.0007826306307015101
21,-0.24999999999999994,0.5,1.9413304393625098e-19,42,0.0,-0.0,29.999999999999993,0.0007794408088865845
21,-0.24999999999999994,0.5,1.9413304393625098e-19,43,0.0,-0.0,34.99999999999999,0.0007768751210774869
21,-0.24999999999999994,0.5,1.9413304393625098e-19,44,0.0,-0.0,40.000000000000014,0.0007750442961698995
21,-0.24999999999999994,0.5,1.9413304393625098e-19,45,0.0,-0.0,45.00000000000001,0.000774031349816949
21,-0.24999999999999994,0.5,1.9413304393625098e-19,46,0.0,-0.0,49.99999999999999,0.0007738848899743419
21,-0.24999999999999994,0.5,1.9413304393625098e-19,47,0.0,-0.0,54.99999999999999,0.0007746121010120294
21,-0.24999999999999994,0.5,1.9413304393625098e-19,48,0.0,-0.0,59.999999999999986,0.0007761749832119152
21,-0.24999999999999994,0.5,1.9413304393625098e-19,49,0.0,-0.0,64.99999999999997,0.0007784951511573399
21,-0.24999999999999994,0.5,1.9413304393625098e-19,50,0.0,-0.0,69.99999999999997,0.0007814591882795094
21,-0.24999999999999994,0.5,1.9413304393625098e-19,51,0.0,-0.0,75.00000000000001,0.0007849298575261285
21,-0.24999999999999994,0.5,1.9413304393625098e-19,52,0.0,-0.0,80.00000000000001,0.00078875884305276
21,-0.24999999999999994,0.5,1.9413304393625098e-19,53,0.0,-0.0,85.0,0.0007927978367476903
21,-0.24999999999999994,0.5,1.9413304393625098e-19,54,0.0,-0.0,89.99999999999999,0.0007969065286710418
21,-0.24999999999999994,0.5,1.9413304393625098e-19,55,0.0,-0.0,95.0,0.0008009596201971466
21,-0.24999999999999994,0.5,1.9413304393625098e-19,56,0.0,-0.0,99.99999999999997,0.0008048497698549514
21,-0.24999999999999994,0.5,1.9413304393625098e-19,57,0.0,-0.0,104.99999999999999,0.000808488073287489
21,-0.24999999999999994,0.5,1.9413304393625098e-19,58,0.0,-0.0,109.99999999999997,0.0008118035293131734
21,-0.24999999999999994,0.5,1.9413304393625098e-19,59,0.0,-0.0,114.99999999999997,0.0008147397892218935
21,-0.24999999999999994,0.5,1.9413304393625098e-19,60,0.0,-0.0,120.00000000000001,0.0008172517851570202
21,-0.24999999999999994,0.5,1.9413304393625098e-19,61,0.0,-0.0,125.00000000000001,0.0008193016910975027
21,-0.24999999999999994,0.5,1.9413304393625098e-19,62,0.0,-0.0,130.0,0.0008208547348814608
21,-0.24999999999999994,0.5,1.9413304393625098e-19,63,0.0,-0.0,135.0,0.0008218764223601231
21,-0.24999999999999994,0.5,1.9413304393625098e-19,64,0.0,-0.0,140.0,0.0008223316855935888
21,-0.24999999999999994,0.5,1.9413304393625098e-19,65,0.0,-0.0,145.0,0.000822187224938157
21,-0.24999999999999994,0.5,1.9413304393625098e-19,66,0.0,-0.0,149.99999999999997,0.000821416152436077
21,-0.24999999999999994,0.5,1.9413304393625098e-19,67,0.0,-0.0,154.99999999999997,0.0008200042600210116
21,-0.24999999999999994,0.5,1.9413304393625098e-19,68,0.0,-0.0,159.99999999999997,0.0008179565884671265
21,-0.24999999999999994,0.5,1.9413304393625098e-19,69,0.0,-0.0,165.00000000000003,0.0008153029352956254
21,-0.24999999999999994,0.5,1.9413304393625098e-19,70,0.0,-0.0,170.0,0.0008120996284454979
21,-0.24999999999999994,0.5,1.9413304393625098e-19,71,0.0,-0.0,175.0,0.0008084280037700343
22,0.0,0.5,0.0,0,0.0,-0.0,-180.0,0.0007370406274159969
22,0.0,0.5,0.0,1,0.0,-0.0,-175.0,0.0007346001426443351
22,0.0,0.5,0.0,2,0.0,-0.0,-170.0,0.0007328362069534471
22,0.0,0.5,0.0,3,0.0,-0.0,-165.0,0.0007318126965689779
22,0.0,0.5,0.0,4,0.0,-0.0,-160.0,0.0007315660845503807
22,0.0,0.5,0.0,5,0.0,-0.0,-155.0,0.0007321051490195402
22,0.0,0.5,0.0,6,0.0,-0.0,-150.0,0.0007334106930351332
22,0.0,0.5,0.0,7,0.0,-0.0,-145.0,0.0007354359969690904
22,0.0,0.5,0.0,8,0.0,-0.0,-140.0,0.0007381072908305391
22,0.0,0.5,0.0,9,0.0,-0.0,-135.0,0.000741325385280067
22,0.0,0.5,0.0,10,0.0,-0.0,-130.0,0.0007449689108107204
22,0.0,0.5,0.0,11,0.0,-0.0,-125.00000000000001,0.0007488991558676214
22,0.0,0.5,0.0,12,0.0,-0.0,-120.00000000000001,0.0007529677411433744
22,0.0,0.5,0.0,13,0.0,-0.0,-115.0,0.00075702601927252
22,0.0,0.5,0.0,14,0.0,-0.0,-109.99999999999999,0.0007609357669826097
22,0.0,0.5,0.0,15,0.0,-0.0,-105.00000000000001,0.0007645764568159327
22,0.0,0.5,0.0,16,0.0,-0.0,-100.0,0.0007678480749328169
22,0.0,0.5,0.0,17,0.0,-0.0,-95.0,0.000770674006763578
22,0.0,0.5,0.0,18,0.0,-0.0,-89.99999999999999,0.0007729995778195951
22,0.0,0.5,0.0,19,0.0,-0.0,-85.0,0.0007747886016099573
22,0.0,0.5,0.0,20,0.0,-0.0,-80.0,0.0007760193285589101
22,0.0,0.5,0.0,21,0.0,-0.0,-75.0,0.0007766799511999892
22,0.0,0.5,0.0,22,0.0,-0.0,-70.0,0.0007767654891870437
22,0.0,0.5,0.0,23,0.0,-0.0,-65.0,0.0007762758048288552
22,0.0,0.5,0.0,24,0.0,-0.0,-60.00000000000001,0.0007752153892556968
22,0.0,0.5,0.0,25,0.0,-0.0,-55.00000000000002,0.0007735945848020789
22,0.0,0.5,0.0,26,0.0,-0.0,-49.99999999999999,0.0007714324231552475
22,0.0,0.5,0.0,27,0.0,-0.0,-45.00000000000001,0.0007687603402845958
22,0.0,0.5,0.0,28,0.0,-0.0,-40.000000000000014,0.0007656261289764381
22,0.0,0.5,0.0,29,0.0,-0.0,-35.000000000000014,0.0007620973796752853
22,0.0,0.5,0.0,30,0.0,-0.0,-29.999999999999993,0.0007582633367070776
22,0.0,0.5,0.0,31,0.0,-0.0,-24.999999999999996,0.0007542337559507601
22,0.0,0.5,0.0,32,0.0,-0.0,-20.0,0.0007501349704460467
22,0.0,0.5,0.0,33,0.0,-0.0,-15.000000000000009,0.0007461067349391533
22,0.0,0.5,0.0,34,0.0,-0.0,-10.000000000000014,0.0007422927406829946
22,0.0,0.5,0.0,35,0.0,-0.0,-4.999999999999995,0.0007388312413605105
22,0.0,0.5,0.0,36,0.0,-0.0,0.0,0.0007358474640471028
22,0.0,0.5,0.0,37,0.0,-0.0,4.999999999999995,0.0007334477706031016
22,0.0,0.5,0.0,38,0.0,-0.0,9.999999999999988,0.0007317163657865139
22,0.0,0.5,0.0,39,0.0,-0.0,15.000000000000009,0.0007307128023036758
22,0.0,0.5,0.0,40,0.0,-0.0,20.0,0.0007304711157161225
22,0.0,0.5,0.0,41,0.0,-0.0,24.999999999999996,0.0007309994500458115
22,0.0,0.5,0.0,42,0.0,-0.0,29.999999999999993,0.0007322800492177955
22,0.0,0.5,0.0,43,0.0,-0.0,34.99999999999999,0.000734269060917147
22,0.0,0.5,0.0,44,0.0,-0.0,40.000000000000014,0.0007368978690655623
22,0.0,0.5,0.0,45,0.0,-0.0,45.00000000000001,0.0007400734847493111
22,0.0,0.5,0.0,46,0.0,-0.0,49.99999999999999,0.0007436820056965251
22,0.0,0.5,0.0,47,0.0,-0.0,54.99999999999999,0.0007475925817788358
22,0.0,0.5,0.0,48,0.0,-0.0,59.999999999999986,0.000751663955061936
22,0.0,0.5,0.0,49,0.0,-0.0,64.99999999999997,0.0007557527008558335
22,0.0,0.5,0.0,50,0.0,-0.0,69.99999999999997,0.0007597232666809047
22,0.0,0.5,0.0,51,0.0,-0.0,75.00000000000001,0.0007634551884029985
22,0.0,0.5,0.0,52,0.0,-0.0,80.00000000000001,0.0007668459905122822
22,0.0,0.5,0.0,53,0.0,-0.0,85.0,0.0007698144808739006
22,0.0,0.5,0.0,54,0.0,-0.0,89.99999999999999,0.0007723009204727203
22,0.0,0.5,0.0,55,0.0,-0.0,95.0,0.0007742640056667715
22,0.0,0.5,0.0,56,0.0,-0.0,99.99999999999997,0.0007756773878242691
22,0.0,0.5,0.0,57,0.0,-0.0,104.99999999999999,0.000776525643331456
22,0.0,0.5,0.0,58,0.0,-0.0,109.99999999999997,0.0007768008973290375
22,0.0,0.5,0.0,59,0.0,-0.0,114.99999999999997,0.0007765005245020967
22,0.0,0.5,0.0,60,0.0,-0.0,120.00000000000001,0.0007756262658689663
22,0.0,0.5,0.0,61,0.0,-0.0,125.00000000000001,0.0007741853652657821
22,0.0,0.5,0.0,62,0.0,-0.0,130.0,0.0007721928882786592
22,0.0,0.5,0.0,63,0.0,-0.0,135.0,0.0007696754979225676
22,0.0,0.5,0.0,64,0.0,-0.0,140.0,0.0007666756954518752
22,0.0,0.5,0.0,65,0.0,-0.0,145.0,0.0007632561360667894
22,0.0,0.5,0.0,66,0.0,-0.0,149.99999999999997,0.0007595021403859386
22,0.0,0.5,0.0,67,0.0,-0.0,154.99999999999997,0.0007555219477017297
22,0.0,0.5,0.0,68,0.0,-0.0,159.99999999999997,0.0007514427576791458
22,0.0,0.5,0.0,69,0.0,-0.0,165.00000000000003,0.000747408248089343
22,0.0,0.5,0.0,70,0.0,-0.0,170.0,0.0007435679836687105
22,0.0,0.5,0.0,71,0.0,-0.0,175.0,0.0007400677935941667
23,0.25,0.5,-1.9413304393625098e-19,0,0.0,-0.0,-180.0,0.0007760177575824714
23,0.25,0.5,-1.9413304393625098e-19,1,0.0,-0.0,-175.0,0.0007782481469435744
23,0.25,0.5,-1.9413304393625098e-19,2,0.0,-0.0,-170.0,0.0007811950912464283
23,0.25,0.5,-1.9413304393625098e-19,3,0.0,-0.0,-165.0,0.0007847292329614386
23,0.25,0.5,-1.9413304393625098e-19,4,0.0,-0.0,-160.0,0.0007887051838616823
23,0.25,0.5,-1.9413304393625098e-19,5,0.0,-0.0,-155.0,0.0007929681471255945
23,0.25,0.5,-1.9413304393625098e-19,6,0.0,-0.0,-150.0,0.0007973607842352516
23,0.25,0.5,-1.9413304393625098e-19,7,0.0,-0.0,-145.0,0.0008017294773691643
23,0.25,0.5,-1.9413304393625098e-19,8,0.0,-0.0,-140.0,0.0008059334696987172
23,0.25,0.5,-1.9413304393625098e-19,9,0.0,-0.0,-135.0,0.0008098467262792868
23,0.25,0.5,-1.9413304393625098e-19,10,0.0,-0.0,-130.0,0.0008133547105232977
23,0.25,0.5,-1.9413304393625098e-19,11,0.0,-0.0,-125.00000000000001,0.0008163610680759052
23,0.25,0.5,-1.9413304393625098e-19,12,0.0,-0.0,-120.00000000000001,0.0008187937626924415
23,0.25,0.5,-1.9413304393625098e-19,13,0.0,-0.0,-115.0,0.0008206062721094375
23,0.25,0.5,-1.9413304393625098e-19,14,0.0,-0.0,-109.99999999999999,0.0008217784443664806
23,0.25,0.5,-1.9413304393625098e-19,15,0.0,-0.0,-105.00000000000001,0.0008223131852052731
23,0.25,0.5,-1.9413304393625098e-19,16,0.0,-0.0,-100.0,0.0008222302348632856
23,0.25,0.5,-1.9413304393625098e-19,17,0.0,-0.0,-95.0,0.0008215595120907311
23,0.25,0.5,-1.9413304393625098e-19,18,0.0,-0.0,-89.99999999999999,0.0008203354641183532
23,0.25,0.5,-1.9413304393625098e-19,19,0.0,-0.0,-85.0,0.0008185929941571126
23,0.25,0.5,-1.9413304393625098e-19,20,0.0,-0.0,-80.0,0.0008163665164830419
23,0.25,0.5,-1.9413304393625098e-19,21,0.0,-0.0,-75.0,0.0008136914446532295
23,0.25,0.5,-1.9413304393625098e-19,22,0.0,-0.0,-70.0,0.0008106078724232361
23,0.25,0.5,-1.9413304393625098e-19,23,0.0,-0.0,-65.0,0.0008071646484545224
23,0.25,0.5,-1.9413304393625098e-19,24,0.0,-0.0,-60.00000000000001,0.0008034231850271945
23,0.25,0.5,-1.9413304393625098e-19,25,0.0,-0.0,-55.00000000000002,0.0007994608097759495
23,0.25,0.5,-1.9413304393625098e-19,26,0.0,-0.0,-49.99999999999999,0.0007953734281723693
23,0.25,0.5,-1.9413304393625098e-19,27,0.0,-0.0,-45.00000000000001,0.0007912751806671344
23,0.25,0.5,-1.9413304393625098e-19,28,0.0,-0.0,-40.000000000000014,0.0007872975465452709
23,0.25,0.5,-1.9413304393625098e-19,29,0.0,-0.0,-35.000000000000014,0.0007835847323631075
23,0.25,0.5,-1.9413304393625098e-19,30,0.0,-0.0,-29.999999999999993,0.0007802861059516482
23,0.25,0.5,-1.9413304393625098e-19,31,0.0,-0.0,-24.999999999999996,0.0007775472842401375
23,0.25,0.5,-1.9413304393625098e-19,32,0.0,-0.0,-20.0,0.0007754981472733608
23,0.25,0.5,-1.9413304393625098e-19,33,0.0,-0.0,-15.000000000000009,0.0007742399955483317
23,0.25,0.5,-1.9413304393625098e-19,34,0.0,-0.0,-10.000000000000014,0.0007738367436136946
23,0.25,0.5,-1.9413304393625098e-19,35,0.0,-0.0,-4.999999999999995,0.0007743097820331796
23,0.25,0.5,-1.9413304393625098e-19,36,0.0,-0.0,0.0,0.0007756356074287335
23,0.25,0.5,-1.9413304393625098e-19,37,0.0,-0.0,4.999999999999995,0.000777752025114987
23,0.25,0.5,-1.9413304393625098e-19,38,0.0,-0.0,9.999999999999988,0.000780564890644945
23,0.25,0.5,-1.9413304393625098e-19,39,0.0,-0.0,15.000000000000009,0.00078395477257352
23,0.25,0.5,-1.9413304393625098e-19,40,0.0,-0.0,20.0,0.0007877854298625021
23,0.25,0.5,-1.9413304393625098e-19,41,0.0,-0.0,24.999999999999996,0.0007919108221826887
23,0.25,0.5,-1.9413304393625098e-19,42,0.0,-0.0,29.999999999999993,0.0007961826697858856
23,0.25,0.5,-1.9413304393625098e-19,43,0.0,-0.0,34.99999999999999,0.0008004582832417383
23,0.25,0.5,-1.9413304393625098e-19,44,0.0,-0.0,40.000000000000014,0.0008046076997368219
23,0.25,0.5,-1.9413304393625098e-19,45,0.0,-0.0,45.00000000000001,0.0008085059576125553
23,0.25,0.5,-1.9413304393625098e-19,46,0.0,-0.0,49.99999999999999,0.0008120388146420154
23,0.25,0.5,-1.9413304393625098e-19,47,0.0,-0.0,54.99999999999999,0.0008151083133309813
23,0.25,0.5,-1.9413304393625098e-19,48,0.0,-0.0,59.999999999999986,0.0008176376240365108
23,0.25,0.5,-1.9413304393625098e-19,49,0.0,-0.0,64.99999999999997,0.0008195730378333256
23,0.25,0.5,-1.9413304393625098e-19,50,0.0,-0.0,69.99999999999997,0.000820886145977215
23,0.25,0.5,-1.9413304393625098e-19,51,0.0,-0.0,75.00000000000001,0.000821571352105057
23,0.25,0.5,-1.9413304393625098e-19,52,0.0,-0.0,80.00000000000001,0.0008216408536721035
23,0.25,0.5,-1.9413304393625098e-19,53,0.0,-0.0,85.0,0.0008211192539446183
23,0.25,0.5,-1.9413304393625098e-19,54,0.0,-0.0,89.99999999999999,0.0008200373934718874
23,0.25,0.5,-1.9413304393625098e-19,55,0.0,-0.0,95.0,0.000818428137350441
23,0.25,0.5,-1.9413304393625098e-19,56,0.0,-0.0,99.99999999999997,0.0008163244582494034
23,0.25,0.5,-1.9413304393625098e-19,57,0.0,-0.0,104.99999999999999,0.0008137606556520165
23,0.25,0.5,-1.9413304393625098e-19,58,0.0,-0.0,109.99999999999997,0.0008107750741487154
23,0.25,0.5,-1.9413304393625098e-19,59,0.0,-0.0,114.99999999999997,0.0008074144559755811
23,0.25,0.5,-1.9413304393625098e-19,60,0.0,-0.0,120.00000000000001,0.0008037377854063254
23,0.25,0.5,-1.9413304393625098e-19,61,0.0,-0.0,125.00000000000001,0.0007998199447558239
23,0.25,0.5,-1.9413304393625098e-19,62,0.0,-0.0,130.0,0.0007957553614635806
23,0.25,0.5,-1.9413304393625098e-19,63,0.0,-0.0,135.0,0.0007916582632011639
23,0.25,0.5,-1.9413304393625098e-19,64,0.0,-0.0,140.0,0.0007876621541851468
23,0.25,0.5,-1.9413304393625098e-19,65,0.0,-0.0,145.0,0.0007839156512931692
23,0.25,0.5,-1.9413304393625098e-19,66,0.0,-0.0,149.99999999999997,0.0007805758923580733
23,0.25,0.5,-1.9413304393625098e-19,67,0.0,-0.0,154.99999999999997,0.0007777979466153169
23,0.25,0.5,-1.9413304393625098e-19,68,0.0,-0.0,159.99999999999997,0.0007757216875272139
23,0.25,0.5,-1.9413304393625098e-19,69,0.0,-0.0,165.00000000000003,0.0007744580296679513
23,0.25,0.5,-1.9413304393625098e-19,70,0.0,-0.0,170.0,0.0007740777124444248
23,0.25,0.5,-1.9413304393625098e-19,71,0.0,-0.0,175.0,0.0007746054758477374
24,0.5,0.4999999999999999,-3.8826608787250196e-19,0,0.0,-0.0,-180.0,0.0008675766816713838
24,0.5,0.4999999999999999,-3.8826608787250196e-19,1,0.0,-0.0,-175.0,0.00087265639409621
24,0.5,0.4999999999999999,-3.8826608787250196e-19,2,0.0,-0.0,-170.0,0.0008777881606576318
24,0.5,0.4999999999999999,-3.8826608787250196e-19,3,0.0,-0.0,-165.0,0.0008827561592129124
24,0.5,0.4999999999999999,-3.8826608787250196e-19,4,0.0,-0.0,-160.0,0.0008873649614460243
24,0.5,0.4999999999999999,-3.8826608787250196e-19,5,0.0,-0.0,-155.0,0.0008914514472611455
24,0.5,0.4999999999999999,-3.8826608787250196e-19,6,0.0,-0.0,-150.0,0.0008948918076466388
24,0.5,0.4999999999999999,-3.8826608787250196e-19,7,0.0,-0.0,-145.0,0.0008976051789831373
24,0.5,0.4999999999999999,-3.8826608787250196e-19,8,0.0,-0.0,-140.0,0.0008995534707285516
24,0.5,0.4999999999999999,-3.8826608787250196e-19,9,0.0,-0.0,-135.0,0.00090073760596109
24,0.5,0.4999999999999999,-3.8826608787250196e-19,10,0.0,-0.0,-130.0,0.0009011915457922237
24,0.5,0.4999999999999999,-3.8826608787250196e-19,11,0.0,-0.0,-125.00000000000001,0.0009009735131107964
24,0.5,0.4999999999999999,-3.8826608787250196e-19,12,0.0,-0.0,-120.00000000000001,0.0009001568359663844
24,0.5,0.4999999999999999,-3.8826608787250196e-19,13,0.0,-0.0,-115.0,0.0008988214027791255
24,0.5,0.4999999999999999,-3.8826608787250196e-19,14,0.0,-0.0,-109.99999999999999,0.000897045458257037
24,0.5,0.4999999999999999,-3.8826608787250196e-19,15,0.0,-0.0,-105.00000000000001,0.0008948996839056076
24,0.5,0.4999999999999999,-3.8826608787250196e-19,16,0.0,-0.0,-100.0,0.0008924423008792676
24,0.5,0.4999999999999999,-3.8826608787250196e-19,17,0.0,-0.0,-95.0,0.000889714672806336
24,0.5,0.4999999999999999,-3.8826608787250196e-19,18,0.0,-0.0,-89.99999999999999,0.0008867349931564099
24,0.5,0.4999999999999999,-3.8826608787250196e-19,19,0.0,-0.0,-85.0,0.0008835071669096008
24,0.5,0.4999999999999999,-3.8826608787250196e-19,20,0.0,-0.0,-80.0,0.0008800269149223621
24,0.5,0.4999999999999999,-3.8826608787250196e-19,21,0.0,-0.0,-75.0,0.0008763292220970708
24,0.5,0.4999999999999999,-3.8826608787250196e-19,22,0.0,-0.0,-70.0,0.0008724852183250858
24,0.5,0.4999999999999999,-3.8826608787250196e-19,23,0.0,-0.0,-65.0,0.0008685902555872583
24,0.5,0.4999999999999999,-3.8826608787250196e-19,24,0.0,-0.0,-60.00000000000001,0.0008647617792504485
24,0.5,0.4999999999999999,-3.8826608787250196e-19,25,0.0,-0.0,-55.00000000000002,0.0008611363404252506
24,0.5,0.4999999999999999,-3.8826608787250196e-19,26,0.0,-0.0,-49.99999999999999,0.0008578636063442885
24,0.5,0.4999999999999999,-3.8826608787250196e-19,27,0.0,-0.0,-45.00000000000001,0.0008550997223281433
24,0.5,0.4999999999999999,-3.8826608787250196e-19,28,0.0,-0.0,-40.000000000000014,0.0008529976871163355
24,0.5,0.4999999999999999,-3.8826608787250196e-19,29,0.0,-0.0,-35.000000000000014,0.0008516958848868512
24,0.5,0.4999999999999999,-3.8826608787250196e-19,30,0.0,-0.0,-29.999999999999993,0.0008513048562814855
24,0.5,0.4999999999999999,-3.8826608787250196e-19,31,0.0,-0.0,-24.999999999999996,0.000851893209496523
24,0.5,0.4999999999999999,-3.8826608787250196e-19,32,0.0,-0.0,-20.0,0.000853475611068052
24,0.5,0.4999999999999999,-3.8826608787250196e-19,33,0.0,-0.0,-15.000000000000009,0.0008560058355762573
24,0.5,0.4999999999999999,-3.8826608787250196e-19,34,0.0,-0.0,-10.000000000000014,0.0008593756981542699
24,0.5,0.4999999999999999,-3.8826608787250196e-19,35,0.0,-0.0,-4.999999999999995,0.000863423073111899
24,0.5,0.4999999999999999,-3.8826608787250196e-19,36,0.0,-0.0,0.0,0.0008679587693437639
24,0.5,0.4999999999999999,-3.8826608787250196e-19,37,0.0,-0.0,4.999999999999995,0.00087278882626278
24,0.5,0.4999999999999999,-3.8826608787250196e-19,38,0.0,-0.0,9.999999999999988,0.0008777019457502661
24,0.5,0.4999999999999999,-3.8826608787250196e-19,39,0.0,-0.0,15.000000000000009,0.0008824921934888595
24,0.5,0.4999999999999999,-3.8826608787250196e-19,40,0.0,-0.0,20.0,0.0008869714865071778
24,0.5,0.4999999999999999,-3.8826608787250196e-19,41,0.0,-0.0,24.999999999999996,0.0008909793519192762
24,0.5,0.4999999999999999,-3.8826608787250196e-19,42,0.0,-0.0,29.999999999999993,0.0008943904067751132
24,0.5,0.4999999999999999,-3.8826608787250196e-19,43,0.0,-0.0,34.99999999999999,0.0008971183444626656
24,0.5,0.4999999999999999,-3.8826608787250196e-19,44,0.0,-0.0,40.000000000000014,0.00089911729876028
24,0.5,0.4999999999999999,-3.8826608787250196e-19,45,0.0,-0.0,45.00000000000001,0.0009003790161333997
24,0.5,0.4999999999999999,-3.8826608787250196e-19,46,0.0,-0.0,49.99999999999999,0.0009009278557558136
24,0.5,0.4999999999999999,-3.8826608787250196e-19,47,0.0,-0.0,54.99999999999999,0.0009008129105460281
24,0.5,0.4999999999999999,-3.8826608787250196e-19,48,0.0,-0.0,59.999999999999986,0.0009000996691532139
24,0.5,0.4999999999999999,-3.8826608787250196e-19,49,0.0,-0.0,64.99999999999997,0.0008988607434880559
24,0.5,0.4999999999999999,-3.8826608787250196e-19,50,0.0,-0.0,69.99999999999997,0.0008971682441956146
24,0.5,0.4999999999999999,-3.8826608787250196e-19,51,0.0,-0.0,75.00000000000001,0.0008950870940642313
24,0.5,0.4999999999999999,-3.8826608787250196e-19,52,0.0,-0.0,80.00000000000001,0.0008926687992759573
24,0.5,0.4999999999999999,-3.8826608787250196e-19,53,0.0,-0.0,85.0,0.0008899442950680392
24,0.5,0.4999999999999999,-3.8826608787250196e-19,54,0.0,-0.0,89.99999999999999,0.0008869294844980643
24,0.5,0.4999999999999999,-3.8826608787250196e-19,55,0.0,-0.0,95.0,0.0008836227857669843
24,0.5,0.4999999999999999,-3.8826608787250196e-19,56,0.0,-0.0,99.99999999999997,0.0008800362311662256
24,0.5,0.4999999999999999,-3.8826608787250196e-19,57,0.0,-0.0,104.99999999999999,0.0008762162014722786
24,0.5,0.4999999999999999,-3.8826608787250196e-19,58,0.0,-0.0,109.99999999999997,0.0008722326624300249
24,0.5,0.4999999999999999,-3.8826608787250196e-19,59,0.0,-0.0,114.99999999999997,0.0008681810455170398
24,0.5,0.4999999999999999,-3.8826608787250196e-19,60,0.0,-0.0,120.00000000000001,0.0008641815027544267
24,0.5,0.4999999999999999,-3.8826608787250196e-19,61,0.0,-0.0,125.00000000000001,0.0008603758514869492
24,0.5,0.4999999999999999,-3.8826608787250196e-19,62,0.0,-0.0,130.0,0.000856922563671891
24,0.5,0.4999999999999999,-3.8826608787250196e-19,63,0.0,-0.0,135.0,0.0008539891996272405
24,0.5,0.4999999999999999,-3.8826608787250196e-19,64,0.0,-0.0,140.0,0.000851742994866434
24,0.5,0.4999999999999999,-3.8826608787250196e-19,65,0.0,-0.0,145.0,0.000850337373665503
24,0.5,0.4999999999999999,-3.8826608787250196e-19,66,0.0,-0.0,149.99999999999997,0.0008498977227732149
24,0.5,0.4999999999999999,-3.8826608787250196e-19,67,0.0,-0.0,154.99999999999997,0.0008505039461151085
24,0.5,0.4999999999999999,-3.8826608787250196e-19,68,0.0,-0.0,159.99999999999997,0.0008521762893918042
24,0.5,0.4999999999999999,-3.8826608787250196e-19,69,0.0,-0.0,165.00000000000003,0.0008548660587545743
24,0.5,0.4999999999999999,-3.8826608787250196e-19,70,0.0,-0.0,170.0,0.0008584553354915801
24,0.5,0.4999999999999999,-3.8826608787250196e-19,71,0.0,-0.0,175.0,0.0008627658889092078
